x,y,time,spatial_ref,volumetric_soil_water_layer_1,ET_hargreaves
58.35000228881836,37.04999923706055,2022-01-31,0,21.94936752319336,0.9670431364090717
58.35000228881836,37.04999923706055,2022-02-01,0,21.850833892822266,1.0255235356152665
58.35000228881836,37.04999923706055,2022-02-02,0,21.990623474121094,1.0110048491036612
58.35000228881836,36.95000076293945,2022-01-31,0,22.487252553304035,0.8302137845946677
58.35000228881836,36.95000076293945,2022-02-01,0,22.592684427897137,0.8967447241011876
58.35000228881836,36.95000076293945,2022-02-02,0,22.676932017008465,0.8823111418723711
58.35000228881836,36.849998474121094,2022-01-31,0,23.002084096272785,0.8658466286579608
58.35000228881836,36.849998474121094,2022-02-01,0,23.066082000732422,0.7225405663020407
58.35000228881836,36.849998474121094,2022-02-02,0,23.125362396240234,0.9145660007695469
58.35000228881836,36.75,2022-01-31,0,24.30331548055013,0.9104466542230011
58.35000228881836,36.75,2022-02-01,0,24.119466145833332,0.7640098552857808
58.35000228881836,36.75,2022-02-02,0,24.165706634521484,0.9701282386523401
58.35000228881836,36.650001525878906,2022-01-31,0,23.759511311848957,0.9427337327863936
58.35000228881836,36.650001525878906,2022-02-01,0,23.45425287882487,0.7909820591026241
58.35000228881836,36.650001525878906,2022-02-02,0,23.664849599202473,1.0061908731937084
58.35000228881836,36.54999923706055,2022-01-31,0,22.833455403645832,0.9491367647452874
58.35000228881836,36.54999923706055,2022-02-01,0,22.491525014241535,0.7942150713942556
58.35000228881836,36.54999923706055,2022-02-02,0,22.80114491780599,1.0580370128264238
58.35000228881836,36.45000076293945,2022-01-31,0,20.340874989827473,0.9991568096295677
58.35000228881836,36.45000076293945,2022-02-01,0,19.900366465250652,0.8294572579180787
58.35000228881836,36.45000076293945,2022-02-02,0,20.325565338134766,1.117979039551779
58.35000228881836,36.349998474121094,2022-01-31,0,17.260074615478516,1.1704238899654698
58.35000228881836,36.349998474121094,2022-02-01,0,16.627794901529946,0.8954872206350505
58.35000228881836,36.349998474121094,2022-02-02,0,17.083301544189453,1.1690815476732224
58.35000228881836,36.25,2022-01-31,0,24.311771392822266,1.166594155622695
58.35000228881836,36.25,2022-02-01,0,24.184532165527344,0.8898084253231889
58.35000228881836,36.25,2022-02-02,0,24.962209065755207,1.1616776641765072
58.35000228881836,36.150001525878906,2022-01-31,0,11.080493927001953,1.2144673376619943
58.35000228881836,36.150001525878906,2022-02-01,0,11.24609629313151,0.9231886062330567
58.35000228881836,36.150001525878906,2022-02-02,0,12.4214235941569,1.2054564042057618
58.35000228881836,36.04999923706055,2022-01-31,0,8.809502919514975,1.338080010138743
58.35000228881836,36.04999923706055,2022-02-01,0,9.367682139078775,1.0603805414358056
58.35000228881836,36.04999923706055,2022-02-02,0,10.859883626302084,1.3036443476613822
58.35000228881836,35.95000076293945,2022-01-31,0,9.950606028238932,1.3299949376834999
58.35000228881836,35.95000076293945,2022-02-01,0,10.31256357828776,1.0541520079034576
58.35000228881836,35.95000076293945,2022-02-02,0,11.741434733072916,1.292118737011063
58.35000228881836,35.849998474121094,2022-01-31,0,10.811284383138021,1.251270188990283
58.35000228881836,35.849998474121094,2022-02-01,0,11.005503336588541,0.960511363688903
58.35000228881836,35.849998474121094,2022-02-02,0,12.329076131184896,1.2038678407129233
58.450008392333984,37.04999923706055,2022-01-31,0,22.474568684895832,1.0030767438972812
58.450008392333984,37.04999923706055,2022-02-01,0,22.34399159749349,1.102711321146797
58.450008392333984,37.04999923706055,2022-02-02,0,22.464733123779297,1.0244856304856773
58.450008392333984,36.95000076293945,2022-01-31,0,22.38302230834961,0.8800160805212341
58.450008392333984,36.95000076293945,2022-02-01,0,22.35289255777995,0.9751950443802548
58.450008392333984,36.95000076293945,2022-02-02,0,22.4490229288737,0.8947049036295378
58.450008392333984,36.849998474121094,2022-01-31,0,22.90702184041341,0.8940875990074233
58.450008392333984,36.849998474121094,2022-02-01,0,22.92927424112956,0.839936325425596
58.450008392333984,36.849998474121094,2022-02-02,0,22.981300354003906,0.8205489209253379
58.450008392333984,36.75,2022-01-31,0,24.173138936360676,0.952548424090806
58.450008392333984,36.75,2022-02-01,0,24.092718760172527,0.8995699854021447
58.450008392333984,36.75,2022-02-02,0,24.096145629882812,0.8829275684806981
58.450008392333984,36.650001525878906,2022-01-31,0,24.388141632080078,0.9519742359630478
58.450008392333984,36.650001525878906,2022-02-01,0,24.177589416503906,0.8994299838707017
58.450008392333984,36.650001525878906,2022-02-02,0,24.26370620727539,0.8855704000302009
58.450008392333984,36.54999923706055,2022-01-31,0,23.750298817952473,0.9247821700837315
58.450008392333984,36.54999923706055,2022-02-01,0,23.4615961710612,0.814325049595769
58.450008392333984,36.54999923706055,2022-02-02,0,23.65488052368164,0.9788303918372021
58.450008392333984,36.45000076293945,2022-01-31,0,22.767632802327473,0.9685639733594643
58.450008392333984,36.45000076293945,2022-02-01,0,22.41626739501953,0.8481206811773795
58.450008392333984,36.45000076293945,2022-02-02,0,22.775999704996746,1.0280773438326918
58.450008392333984,36.349998474121094,2022-01-31,0,20.387427012125652,1.2028616587463214
58.450008392333984,36.349998474121094,2022-02-01,0,19.95764414469401,1.0080284206068797
58.450008392333984,36.349998474121094,2022-02-02,0,20.390275319417317,1.1582608927881575
58.450008392333984,36.25,2022-01-31,0,23.895829518636067,1.2326260217860112
58.450008392333984,36.25,2022-02-01,0,23.58318328857422,1.0355439866477751
58.450008392333984,36.25,2022-02-02,0,24.2718505859375,1.1872825751609286
58.450008392333984,36.150001525878906,2022-01-31,0,21.589946746826172,1.247784707925301
58.450008392333984,36.150001525878906,2022-02-01,0,21.841888427734375,1.0509232441238512
58.450008392333984,36.150001525878906,2022-02-02,0,22.939599355061848,1.2091285594555234
58.450008392333984,36.04999923706055,2022-01-31,0,9.77499008178711,1.3465908119085823
58.450008392333984,36.04999923706055,2022-02-01,0,10.258534749348959,1.1628859280502544
58.450008392333984,36.04999923706055,2022-02-02,0,11.674633026123047,1.3043564038924274
58.450008392333984,35.95000076293945,2022-01-31,0,10.771942138671875,1.342437091198754
58.450008392333984,35.95000076293945,2022-02-01,0,11.078135172526041,1.152824240109126
58.450008392333984,35.95000076293945,2022-02-02,0,12.44100570678711,1.292680839875451
58.450008392333984,35.849998474121094,2022-01-31,0,11.982072194417318,1.1845599486287386
58.450008392333984,35.849998474121094,2022-02-01,0,12.17068354288737,0.965264738388377
58.450008392333984,35.849998474121094,2022-02-02,0,13.532886505126953,1.1072947122261654
58.54999923706055,37.04999923706055,2022-01-31,0,22.220357259114582,1.0656439454687094
58.54999923706055,37.04999923706055,2022-02-01,0,22.031211853027344,1.1701603944916232
58.54999923706055,37.04999923706055,2022-02-02,0,22.168509165445965,1.0915335276802869
58.54999923706055,36.95000076293945,2022-01-31,0,22.026716868082683,1.048829406059532
58.54999923706055,36.95000076293945,2022-02-01,0,21.880919138590496,1.1452402883519417
58.54999923706055,36.95000076293945,2022-02-02,0,22.010116577148438,1.0699712357464086
58.54999923706055,36.849998474121094,2022-01-31,0,22.51916249593099,0.9809113649120362
58.54999923706055,36.849998474121094,2022-02-01,0,22.377325693766277,0.9082398313601671
58.54999923706055,36.849998474121094,2022-02-02,0,22.485605875651043,0.8920461782976045
58.54999923706055,36.75,2022-01-31,0,23.728491465250652,0.914237370368031
58.54999923706055,36.75,2022-02-01,0,23.635387420654297,0.8439410363463598
58.54999923706055,36.75,2022-02-02,0,23.673439025878906,0.8288711845804078
58.54999923706055,36.650001525878906,2022-01-31,0,23.90188217163086,0.8237028426665639
58.54999923706055,36.650001525878906,2022-02-01,0,23.931299845377605,0.7641179622887109
58.54999923706055,36.650001525878906,2022-02-02,0,23.903973897298176,0.7463042887526563
58.54999923706055,36.54999923706055,2022-01-31,0,24.10072962443034,0.8965437617970335
58.54999923706055,36.54999923706055,2022-02-01,0,23.99511973063151,0.7783274855441992
58.54999923706055,36.54999923706055,2022-02-02,0,24.058316548665363,0.9437554700830624
58.54999923706055,36.45000076293945,2022-01-31,0,23.740863800048828,0.9622573855714152
58.54999923706055,36.45000076293945,2022-02-01,0,23.428128560384113,0.8402800386782862
58.54999923706055,36.45000076293945,2022-02-02,0,23.650519053141277,1.0182824636002348
58.54999923706055,36.349998474121094,2022-01-31,0,24.787527720133465,1.2026428917242784
58.54999923706055,36.349998474121094,2022-02-01,0,24.46878433227539,1.001923917928915
58.54999923706055,36.349998474121094,2022-02-02,0,24.8257573445638,1.1473259720675064
58.54999923706055,36.25,2022-01-31,0,26.068375905354817,1.221331083285445
58.54999923706055,36.25,2022-02-01,0,25.740152994791668,1.0202253539045862
58.54999923706055,36.25,2022-02-02,0,26.40790303548177,1.1689912387765113
58.54999923706055,36.150001525878906,2022-01-31,0,28.139807383219402,1.2327175414326417
58.54999923706055,36.150001525878906,2022-02-01,0,28.363488515218098,1.038625219306071
58.54999923706055,36.150001525878906,2022-02-02,0,29.31161880493164,1.1869497548699985
58.54999923706055,36.04999923706055,2022-01-31,0,9.800847371419271,1.3180573368838249
58.54999923706055,36.04999923706055,2022-02-01,0,10.20009994506836,1.1359781944683083
58.54999923706055,36.04999923706055,2022-02-02,0,11.530170440673828,1.2773464449643377
58.54999923706055,35.95000076293945,2022-01-31,0,11.67062759399414,1.326084593050514
58.54999923706055,35.95000076293945,2022-02-01,0,11.96173350016276,1.1393337692373726
58.54999923706055,35.95000076293945,2022-02-02,0,13.356513977050781,1.281073973014029
58.54999923706055,35.849998474121094,2022-01-31,0,13.262742360432943,1.166091396896299
58.54999923706055,35.849998474121094,2022-02-01,0,13.490117390950521,0.9483233503960501
58.54999923706055,35.849998474121094,2022-02-02,0,14.954236348470053,1.0841682800890409
58.65000534057617,37.04999923706055,2022-01-31,0,22.027963002522785,1.0171042937252655
58.65000534057617,37.04999923706055,2022-02-01,0,21.860580444335938,1.1371285520615582
58.65000534057617,37.04999923706055,2022-02-02,0,21.99596405029297,1.0141428415863356
58.65000534057617,36.95000076293945,2022-01-31,0,21.73343022664388,1.0511188871213715
58.65000534057617,36.95000076293945,2022-02-01,0,21.550248463948567,1.1720824269482466
58.65000534057617,36.95000076293945,2022-02-02,0,21.70525868733724,1.051586828321289
58.65000534057617,36.849998474121094,2022-01-31,0,22.251510620117188,1.0023474782198816
58.65000534057617,36.849998474121094,2022-02-01,0,22.03423817952474,0.991304596719599
58.65000534057617,36.849998474121094,2022-02-02,0,22.210032145182293,0.879792479711294
58.65000534057617,36.75,2022-01-31,0,23.432757059733074,0.8923291879764533
58.65000534057617,36.75,2022-02-01,0,23.254515329996746,0.8933228453005128
58.65000534057617,36.75,2022-02-02,0,23.364486694335938,0.7846934794212708
58.65000534057617,36.650001525878906,2022-01-31,0,23.971487681070965,0.6861642061331251
58.65000534057617,36.650001525878906,2022-02-01,0,24.03788884480794,0.6907426969979445
58.65000534057617,36.650001525878906,2022-02-02,0,23.972867329915363,0.6038862171720074
58.65000534057617,36.54999923706055,2022-01-31,0,23.73587926228841,0.7664453236292582
58.65000534057617,36.54999923706055,2022-02-01,0,23.843669891357422,0.7884972280824843
58.65000534057617,36.54999923706055,2022-02-02,0,23.803971608479817,0.7551385137863906
58.65000534057617,36.45000076293945,2022-01-31,0,24.36913808186849,0.8936253987706877
58.65000534057617,36.45000076293945,2022-02-01,0,24.21399434407552,0.9212580934728858
58.65000534057617,36.45000076293945,2022-02-02,0,24.275588989257812,0.885255848147735
58.65000534057617,36.349998474121094,2022-01-31,0,29.09799575805664,1.120007967923539
58.65000534057617,36.349998474121094,2022-02-01,0,28.824513753255207,1.0892696830502882
58.65000534057617,36.349998474121094,2022-02-02,0,29.091720581054688,1.0825336673932724
58.65000534057617,36.25,2022-01-31,0,27.452786763509113,1.1377130776422264
58.65000534057617,36.25,2022-02-01,0,27.086512247721355,1.105005970734644
58.65000534057617,36.25,2022-02-02,0,27.68438975016276,1.0994828815371487
58.65000534057617,36.150001525878906,2022-01-31,0,29.07218297322591,1.1520216570720854
58.65000534057617,36.150001525878906,2022-02-01,0,29.28108851114909,1.1216442095573227
58.65000534057617,36.150001525878906,2022-02-02,0,30.129082997639973,1.1205553580163374
58.65000534057617,36.04999923706055,2022-01-31,0,17.12963104248047,1.3416190844838105
58.65000534057617,36.04999923706055,2022-02-01,0,17.301152547200523,1.2262191591182776
58.65000534057617,36.04999923706055,2022-02-02,0,18.458900451660156,1.2615261124224308
58.65000534057617,35.95000076293945,2022-01-31,0,12.708479563395182,1.3582233216745658
58.65000534057617,35.95000076293945,2022-02-01,0,12.98903783162435,1.2407004799922576
58.65000534057617,35.95000076293945,2022-02-02,0,14.399439493815104,1.2768736485842378
58.65000534057617,35.849998474121094,2022-01-31,0,13.971748352050781,1.2076227376664361
58.65000534057617,35.849998474121094,2022-02-01,0,14.187240600585938,1.0619224999136256
58.65000534057617,35.849998474121094,2022-02-02,0,15.654830932617188,1.082891401831753
58.749996185302734,37.04999923706055,2022-01-31,0,22.039934794108074,0.9201015516304213
58.749996185302734,37.04999923706055,2022-02-01,0,21.976159413655598,1.0397340570277813
58.749996185302734,37.04999923706055,2022-02-02,0,22.105801900227863,0.9225402909740293
58.749996185302734,36.95000076293945,2022-01-31,0,21.812292734781902,1.035684889299386
58.749996185302734,36.95000076293945,2022-02-01,0,21.664714813232422,1.1549039583334677
58.749996185302734,36.95000076293945,2022-02-02,0,21.80214564005534,1.02743867510444
58.749996185302734,36.849998474121094,2022-01-31,0,22.00726826985677,1.0126583525775426
58.749996185302734,36.849998474121094,2022-02-01,0,21.741129557291668,1.0031771584208438
58.749996185302734,36.849998474121094,2022-02-02,0,21.924489339192707,0.8880264593845003
58.749996185302734,36.75,2022-01-31,0,23.30298105875651,0.9437106844838294
58.749996185302734,36.75,2022-02-01,0,23.063678741455078,0.9393909351842024
58.749996185302734,36.75,2022-02-02,0,23.246815999348957,0.8356913057285256
58.749996185302734,36.650001525878906,2022-01-31,0,23.956890106201172,0.7691311117551141
58.749996185302734,36.650001525878906,2022-02-01,0,23.901793162027996,0.7642754762440789
58.749996185302734,36.650001525878906,2022-02-02,0,23.936595916748047,0.6752008158723787
58.749996185302734,36.54999923706055,2022-01-31,0,22.310301462809246,0.679370515450264
58.749996185302734,36.54999923706055,2022-02-01,0,22.466246287027996,0.6938167809226791
58.749996185302734,36.54999923706055,2022-02-02,0,22.402915954589844,0.6605922225390426
58.749996185302734,36.45000076293945,2022-01-31,0,22.83087412516276,0.750361585535051
58.749996185302734,36.45000076293945,2022-02-01,0,22.562732696533203,0.76781335207203
58.749996185302734,36.45000076293945,2022-02-02,0,22.427571614583332,0.7373547633575703
58.749996185302734,36.349998474121094,2022-01-31,0,23.653767903645832,1.0559826564619859
58.749996185302734,36.349998474121094,2022-02-01,0,23.586565653483074,1.015605825182708
58.749996185302734,36.349998474121094,2022-02-02,0,23.657995859781902,1.003559580019134
58.749996185302734,36.25,2022-01-31,0,30.808003743489582,1.1305520240071802
58.749996185302734,36.25,2022-02-01,0,30.670706431070965,1.0883762125990628
58.749996185302734,36.25,2022-02-02,0,31.107120513916016,1.0857270498900007
58.749996185302734,36.150001525878906,2022-01-31,0,28.555927276611328,1.1375475455371735
58.749996185302734,36.150001525878906,2022-02-01,0,28.57439676920573,1.1049571767632624
58.749996185302734,36.150001525878906,2022-02-02,0,29.288787841796875,1.0992650955229866
58.749996185302734,36.04999923706055,2022-01-31,0,19.28651173909505,1.3332506797002326
58.749996185302734,36.04999923706055,2022-02-01,0,19.20155207316081,1.2042015742064558
58.749996185302734,36.04999923706055,2022-02-02,0,20.08657455444336,1.2424165246506704
58.749996185302734,35.95000076293945,2022-01-31,0,13.74277114868164,1.3382197332741925
58.749996185302734,35.95000076293945,2022-02-01,0,13.910776774088541,1.222603906334547
58.749996185302734,35.95000076293945,2022-02-02,0,15.144360860188803,1.257432284811244
58.749996185302734,35.849998474121094,2022-01-31,0,14.57007090250651,1.2037634351129471
58.749996185302734,35.849998474121094,2022-02-01,0,14.729175567626953,1.0587799997540097
58.749996185302734,35.849998474121094,2022-02-02,0,16.080430348714195,1.0838394717408726
58.85000228881836,37.04999923706055,2022-01-31,0,22.006689707438152,0.830309927392817
58.85000228881836,37.04999923706055,2022-02-01,0,21.978429158528645,0.9464348812524914
58.85000228881836,37.04999923706055,2022-02-02,0,22.11060841878255,0.8316617985661166
58.85000228881836,36.95000076293945,2022-01-31,0,21.60525639851888,0.9894268720772301
58.85000228881836,36.95000076293945,2022-02-01,0,21.517715454101562,1.0915822025780855
58.85000228881836,36.95000076293945,2022-02-02,0,21.61322275797526,0.9729369066207354
58.85000228881836,36.849998474121094,2022-01-31,0,20.681915283203125,1.019534375462986
58.85000228881836,36.849998474121094,2022-02-01,0,20.294545491536457,1.0031771584208438
58.85000228881836,36.849998474121094,2022-02-02,0,20.418446858723957,0.8880264593845003
58.85000228881836,36.75,2022-01-31,0,22.790908813476562,0.9780156190511491
58.85000228881836,36.75,2022-02-01,0,22.499713897705078,0.9764669856076692
58.85000228881836,36.75,2022-02-02,0,22.746047973632812,0.8659268574269259
58.85000228881836,36.650001525878906,2022-01-31,0,23.284155527750652,0.8544269785066015
58.85000228881836,36.650001525878906,2022-02-01,0,23.066171010335285,0.8475156519389843
58.85000228881836,36.650001525878906,2022-02-02,0,23.186200459798176,0.746061942259916
58.85000228881836,36.54999923706055,2022-01-31,0,25.015169779459637,0.6763871593292705
58.85000228881836,36.54999923706055,2022-02-01,0,25.12189229329427,0.6818270483178693
58.85000228881836,36.54999923706055,2022-02-02,0,25.010541280110676,0.6554608683647917
58.85000228881836,36.45000076293945,2022-01-31,0,22.43273417154948,0.6336024479577912
58.85000228881836,36.45000076293945,2022-02-01,0,23.19171905517578,0.6410626885826929
58.85000228881836,36.45000076293945,2022-02-02,0,23.107738494873047,0.608383995423782
58.85000228881836,36.349998474121094,2022-01-31,0,23.98964564005534,0.9465896254173464
58.85000228881836,36.349998474121094,2022-02-01,0,24.531091054280598,0.9030133551609378
58.85000228881836,36.349998474121094,2022-02-02,0,24.54332987467448,0.8947509909833762
58.85000228881836,36.25,2022-01-31,0,26.829408009847004,1.105502010188305
58.85000228881836,36.25,2022-02-01,0,26.67377471923828,1.054419727951539
58.85000228881836,36.25,2022-02-02,0,26.945966084798176,1.0548006089344504
58.85000228881836,36.150001525878906,2022-01-31,0,29.280999501546223,1.1267756476227806
58.85000228881836,36.150001525878906,2022-02-01,0,29.065507253011067,1.0916146460929683
58.85000228881836,36.150001525878906,2022-02-02,0,29.510822296142578,1.089396271841988
58.85000228881836,36.04999923706055,2022-01-31,0,20.698471069335938,1.3133665113044164
58.85000228881836,36.04999923706055,2022-02-01,0,20.38079579671224,1.193760626773034
58.85000228881836,36.04999923706055,2022-02-02,0,20.952281951904297,1.223103948652063
58.85000228881836,35.95000076293945,2022-01-31,0,13.67245356241862,1.333040444061257
58.85000228881836,35.95000076293945,2022-02-01,0,13.591988881429037,1.2081346200939
58.85000228881836,35.95000076293945,2022-02-02,0,14.566065470377604,1.2418876645251742
58.85000228881836,35.849998474121094,2022-01-31,0,14.71787134806315,1.2037634351129471
58.85000228881836,35.849998474121094,2022-02-01,0,14.749558766682943,1.0509976697865984
58.85000228881836,35.849998474121094,2022-02-02,0,15.944601694742838,1.0838394717408726
58.950008392333984,37.04999923706055,2022-01-31,0,21.68020248413086,0.6958502457879865
58.950008392333984,37.04999923706055,2022-02-01,0,21.60329818725586,0.81055847137031
58.950008392333984,37.04999923706055,2022-02-02,0,21.738325754801433,0.714545799069538
58.950008392333984,36.95000076293945,2022-01-31,0,21.667652130126953,0.8664495531916631
58.950008392333984,36.95000076293945,2022-02-01,0,21.581668853759766,0.9788247102063713
58.950008392333984,36.95000076293945,2022-02-02,0,21.684786478678387,0.8762899473946049
58.950008392333984,36.849998474121094,2022-01-31,0,21.50485356648763,1.0790413129397138
58.950008392333984,36.849998474121094,2022-02-01,0,21.18246078491211,1.2609313327633371
58.950008392333984,36.849998474121094,2022-02-02,0,21.32874806722005,1.202289057613219
58.950008392333984,36.75,2022-01-31,0,21.52581532796224,1.0739780084235666
58.950008392333984,36.75,2022-02-01,0,21.2027104695638,1.2647661964981152
58.950008392333984,36.75,2022-02-02,0,21.41668955485026,1.2027565602827013
58.950008392333984,36.650001525878906,2022-01-31,0,22.268377939860027,0.9946708140148023
58.950008392333984,36.650001525878906,2022-02-01,0,21.991558074951172,1.16941771209162
58.950008392333984,36.650001525878906,2022-02-02,0,22.17967987060547,1.1107189714333248
58.950008392333984,36.54999923706055,2022-01-31,0,24.20562744140625,0.8471059384921891
58.950008392333984,36.54999923706055,2022-02-01,0,23.97860844930013,0.9383485398516352
58.950008392333984,36.54999923706055,2022-02-02,0,24.02987798055013,0.9084789573867504
58.950008392333984,36.45000076293945,2022-01-31,0,23.111966451009113,0.7877619801740724
58.950008392333984,36.45000076293945,2022-02-01,0,23.49386215209961,0.8762784417496763
58.950008392333984,36.45000076293945,2022-02-02,0,23.49506378173828,0.8408173666585994
58.950008392333984,36.349998474121094,2022-01-31,0,21.389719645182293,0.7382921761398232
58.950008392333984,36.349998474121094,2022-02-01,0,21.42171859741211,0.7605478498825677
58.950008392333984,36.349998474121094,2022-02-02,0,21.315619150797527,0.7203983166513515
58.950008392333984,36.25,2022-01-31,0,23.79507064819336,0.9151157204593894
58.950008392333984,36.25,2022-02-01,0,24.11781946818034,0.9361128495350334
58.950008392333984,36.25,2022-02-02,0,24.280840555826824,0.8947495663827547
58.950008392333984,36.150001525878906,2022-01-31,0,26.773910522460938,1.0281277807486267
58.950008392333984,36.150001525878906,2022-02-01,0,26.153958638509113,1.0607423830158473
58.950008392333984,36.150001525878906,2022-02-02,0,26.21987024943034,1.0110034298210753
58.950008392333984,36.04999923706055,2022-01-31,0,22.78329849243164,1.2053907629762957
58.950008392333984,36.04999923706055,2022-02-01,0,22.354005177815754,1.1622601221425959
58.950008392333984,36.04999923706055,2022-02-02,0,22.67007827758789,1.1267114786878307
58.950008392333984,35.95000076293945,2022-01-31,0,14.500287373860678,1.228084047510953
58.950008392333984,35.95000076293945,2022-02-01,0,14.184303283691406,1.1907187091431917
58.950008392333984,35.95000076293945,2022-02-02,0,14.816716512044271,1.1473672436449696
58.950008392333984,35.849998474121094,2022-01-31,0,15.159136454264322,1.28885886520816
58.950008392333984,35.849998474121094,2022-02-01,0,15.038038889567057,1.1629848079599607
58.950008392333984,35.849998474121094,2022-02-02,0,16.0302734375,1.1465266339217384
59.04999923706055,37.04999923706055,2022-01-31,0,21.1288324991862,0.6299730496849021
59.04999923706055,37.04999923706055,2022-02-01,0,21.053085327148438,0.7414104230271116
59.04999923706055,37.04999923706055,2022-02-02,0,21.189715067545574,0.6511661942744557
59.04999923706055,36.95000076293945,2022-01-31,0,22.112166086832683,0.7823323119341076
59.04999923706055,36.95000076293945,2022-02-01,0,22.10299809773763,0.8990148470367076
59.04999923706055,36.95000076293945,2022-02-02,0,22.241719563802082,0.796062304943455
59.04999923706055,36.849998474121094,2022-01-31,0,19.846515655517578,1.02624502349317
59.04999923706055,36.849998474121094,2022-02-01,0,19.603697458902996,1.1927366967989252
59.04999923706055,36.849998474121094,2022-02-02,0,19.74945068359375,1.135746351484427
59.04999923706055,36.75,2022-01-31,0,18.72081120808919,1.085365189832936
59.04999923706055,36.75,2022-02-01,0,18.332462310791016,1.2685965668643253
59.04999923706055,36.75,2022-02-02,0,18.56637954711914,1.2067354916141326
59.04999923706055,36.650001525878906,2022-01-31,0,20.072911580403645,1.0620484921129811
59.04999923706055,36.650001525878906,2022-02-01,0,19.78616714477539,1.2378796819146451
59.04999923706055,36.650001525878906,2022-02-02,0,19.973087310791016,1.1744474279347108
59.04999923706055,36.54999923706055,2022-01-31,0,22.478173573811848,0.975591247021781
59.04999923706055,36.54999923706055,2022-02-01,0,22.14763641357422,1.0719356771355333
59.04999923706055,36.54999923706055,2022-02-02,0,22.267532348632812,1.0471230647137215
59.04999923706055,36.45000076293945,2022-01-31,0,24.664026896158855,0.8945567332694602
59.04999923706055,36.45000076293945,2022-02-01,0,24.479109446207683,0.9856555489230273
59.04999923706055,36.45000076293945,2022-02-02,0,24.516270955403645,0.9575059837666906
59.04999923706055,36.349998474121094,2022-01-31,0,24.42098617553711,0.6990772209485075
59.04999923706055,36.349998474121094,2022-02-01,0,24.341990152994793,0.7171605623199696
59.04999923706055,36.349998474121094,2022-02-02,0,24.296194712320965,0.6772492880938723
59.04999923706055,36.25,2022-01-31,0,22.845783233642578,0.7306848895139673
59.04999923706055,36.25,2022-02-01,0,23.451582590738933,0.7472689774595623
59.04999923706055,36.25,2022-02-02,0,23.564713795979817,0.7070594066839174
59.04999923706055,36.150001525878906,2022-01-31,0,20.87564468383789,0.9679346242825535
59.04999923706055,36.150001525878906,2022-02-01,0,20.281416575113933,0.9864370380156118
59.04999923706055,36.150001525878906,2022-02-02,0,20.219376881917317,0.944664038588498
59.04999923706055,36.04999923706055,2022-01-31,0,25.683854420979817,1.2015855609754174
59.04999923706055,36.04999923706055,2022-02-01,0,25.305074055989582,1.1450180871052207
59.04999923706055,36.04999923706055,2022-02-02,0,25.510107676188152,1.1094045467884854
59.04999923706055,35.95000076293945,2022-01-31,0,14.762598673502604,1.216628778560979
59.04999923706055,35.95000076293945,2022-02-01,0,14.37954584757487,1.1691531992838775
59.04999923706055,35.95000076293945,2022-02-02,0,14.963493347167969,1.133472239965964
59.04999923706055,35.849998474121094,2022-01-31,0,15.51446278889974,1.276727742672937
59.04999923706055,35.849998474121094,2022-02-01,0,15.264034271240234,1.1450891921540478
59.04999923706055,35.849998474121094,2022-02-02,0,16.133480072021484,1.132641767815986
59.15000534057617,37.04999923706055,2022-01-31,0,20.722904205322266,0.5571607437206206
59.15000534057617,37.04999923706055,2022-02-01,0,20.552539825439453,0.6631376211923676
59.15000534057617,37.04999923706055,2022-02-02,0,20.705280303955078,0.5745313323697876
59.15000534057617,36.95000076293945,2022-01-31,0,22.35801060994466,0.6087559538135733
59.15000534057617,36.95000076293945,2022-02-01,0,22.492281595865887,0.7222604095510917
59.15000534057617,36.95000076293945,2022-02-02,0,22.64088312784831,0.6315515579379983
59.15000534057617,36.849998474121094,2022-01-31,0,20.640125274658203,0.8715471370116593
59.15000534057617,36.849998474121094,2022-02-01,0,20.492502848307293,0.9971889962828276
59.15000534057617,36.849998474121094,2022-02-02,0,20.574480692545574,0.9216456837045823
59.15000534057617,36.75,2022-01-31,0,17.143961588541664,1.0157189345696758
59.15000534057617,36.75,2022-02-01,0,16.732470194498696,1.1531282141634172
59.15000534057617,36.75,2022-02-02,0,16.948362986246742,1.075982373584001
59.15000534057617,36.650001525878906,2022-01-31,0,15.899295806884766,1.022224539291515
59.15000534057617,36.650001525878906,2022-02-01,0,15.49269994099935,1.1566223991011049
59.15000534057617,36.650001525878906,2022-02-02,0,15.665601094563803,1.0831346890948015
59.15000534057617,36.54999923706055,2022-01-31,0,19.435113271077473,1.0801295805345812
59.15000534057617,36.54999923706055,2022-02-01,0,19.040311177571613,1.2116275696238257
59.15000534057617,36.54999923706055,2022-02-02,0,19.13288116455078,1.1577861926461328
59.15000534057617,36.45000076293945,2022-01-31,0,22.74871826171875,1.0181434418005857
59.15000534057617,36.45000076293945,2022-02-01,0,22.413597106933594,1.1475919004660569
59.15000534057617,36.45000076293945,2022-02-02,0,22.544485727945965,1.0968721793117246
59.15000534057617,36.349998474121094,2022-01-31,0,22.742843627929688,0.9216777775891454
59.15000534057617,36.349998474121094,2022-02-01,0,22.41506576538086,1.0297525729243158
59.15000534057617,36.349998474121094,2022-02-02,0,22.479909261067707,0.9387230530202701
59.15000534057617,36.25,2022-01-31,0,23.59742482503255,0.8100400485298036
59.15000534057617,36.25,2022-02-01,0,23.482157389322918,0.9084905532883844
59.15000534057617,36.25,2022-02-02,0,23.512999216715496,0.82174635713078
59.15000534057617,36.150001525878906,2022-01-31,0,19.838326772054035,0.9609792643528852
59.15000534057617,36.150001525878906,2022-02-01,0,19.27418390909831,1.0680839507520374
59.15000534057617,36.150001525878906,2022-02-02,0,19.18103535970052,0.9754496115806122
59.15000534057617,36.04999923706055,2022-01-31,0,27.52613067626953,1.2246399495250975
59.15000534057617,36.04999923706055,2022-02-01,0,27.26662317911784,1.2768581022714351
59.15000534057617,36.04999923706055,2022-02-02,0,27.489102681477863,1.1620332417949777
59.15000534057617,35.95000076293945,2022-01-31,0,18.411324818929035,1.267007402766583
59.15000534057617,35.95000076293945,2022-02-01,0,18.157647450764973,1.3332324481937248
59.15000534057617,35.95000076293945,2022-02-02,0,18.762556711832683,1.211744374995395
59.15000534057617,35.849998474121094,2022-01-31,0,15.218283335367838,1.244694989025975
59.15000534057617,35.849998474121094,2022-02-01,0,14.83727773030599,1.1872547858363927
59.15000534057617,35.849998474121094,2022-02-02,0,15.595506032307943,1.0697872820247867
59.249996185302734,37.04999923706055,2022-01-31,0,20.706170399983723,0.5684738450474436
59.249996185302734,37.04999923706055,2022-02-01,0,20.505364735921223,0.668747086740441
59.249996185302734,37.04999923706055,2022-02-02,0,20.69019317626953,0.5830837038959399
59.249996185302734,36.95000076293945,2022-01-31,0,22.28435516357422,0.5500498871111728
59.249996185302734,36.95000076293945,2022-02-01,0,22.42592493693034,0.6595439651352225
59.249996185302734,36.95000076293945,2022-02-02,0,22.549915313720703,0.5708121633811689
59.249996185302734,36.849998474121094,2022-01-31,0,21.03563944498698,0.8447028788085578
59.249996185302734,36.849998474121094,2022-02-01,0,20.98094304402669,0.9668257986722372
59.249996185302734,36.849998474121094,2022-02-02,0,21.02166493733724,0.8949656590359707
59.249996185302734,36.75,2022-01-31,0,16.76549275716146,0.988057571905579
59.249996185302734,36.75,2022-02-01,0,16.34180704752604,1.1225178713840986
59.249996185302734,36.75,2022-02-02,0,16.51777903238932,1.0456111469684306
59.249996185302734,36.650001525878906,2022-01-31,0,13.22228749593099,1.0188340046847186
59.249996185302734,36.650001525878906,2022-02-01,0,12.82650629679362,1.1634497139804003
59.249996185302734,36.650001525878906,2022-02-02,0,12.992064158121744,1.0899330905697926
59.249996185302734,36.54999923706055,2022-01-31,0,16.156222025553383,1.1090966960922382
59.249996185302734,36.54999923706055,2022-02-01,0,15.809396107991537,1.2441570948343859
59.249996185302734,36.54999923706055,2022-02-02,0,15.904369354248047,1.1899194860203284
59.249996185302734,36.45000076293945,2022-01-31,0,18.686364491780598,1.0797879383157691
59.249996185302734,36.45000076293945,2022-02-01,0,18.37176005045573,1.2117063784331055
59.249996185302734,36.45000076293945,2022-02-02,0,18.582623799641926,1.157647781460028
59.249996185302734,36.349998474121094,2022-01-31,0,18.04433822631836,1.0526541587297324
59.249996185302734,36.349998474121094,2022-02-01,0,17.546106974283855,1.165764607351108
59.249996185302734,36.349998474121094,2022-02-02,0,17.733116149902344,1.0703051575573097
59.249996185302734,36.25,2022-01-31,0,21.49127960205078,0.9427405470524278
59.249996185302734,36.25,2022-02-01,0,21.212412516276043,1.050552906770825
59.249996185302734,36.25,2022-02-02,0,21.40267054239909,0.9553228081495514
59.249996185302734,36.150001525878906,2022-01-31,0,21.336536407470703,0.8769474409768196
59.249996185302734,36.150001525878906,2022-02-01,0,21.08401616414388,0.9749825407655884
59.249996185302734,36.150001525878906,2022-02-02,0,21.199862162272137,0.8856818923080699
59.249996185302734,36.04999923706055,2022-01-31,0,20.644397735595703,1.1350204568191997
59.249996185302734,36.04999923706055,2022-02-01,0,20.378214518229168,1.1804255119436544
59.249996185302734,36.04999923706055,2022-02-02,0,20.51462173461914,1.066179670490736
59.249996185302734,35.95000076293945,2022-01-31,0,22.89976755777995,1.2434453507250578
59.249996185302734,35.95000076293945,2022-02-01,0,22.572123209635418,1.3145189994869015
59.249996185302734,35.95000076293945,2022-02-02,0,23.026962280273438,1.1903570651983297
59.249996185302734,35.849998474121094,2022-01-31,0,14.874706268310547,1.2324848422157675
59.249996185302734,35.849998474121094,2022-02-01,0,14.371312459309896,1.169840224619164
59.249996185302734,35.849998474121094,2022-02-02,0,14.949073791503906,1.0535466391836885
59.35000228881836,37.04999923706055,2022-01-31,0,19.925378163655598,0.6571782437882413
59.35000228881836,37.04999923706055,2022-02-01,0,19.621365865071613,0.7605409529628249
59.35000228881836,37.04999923706055,2022-02-02,0,19.87566630045573,0.6653155260640491
59.35000228881836,36.95000076293945,2022-01-31,0,21.942291259765625,0.5176683963079639
59.35000228881836,36.95000076293945,2022-02-01,0,21.965611775716145,0.6261189056837088
59.35000228881836,36.95000076293945,2022-02-02,0,22.08626429239909,0.535367636152926
59.35000228881836,36.849998474121094,2022-01-31,0,21.716251373291016,0.8010170490741004
59.35000228881836,36.849998474121094,2022-02-01,0,21.736634572347004,0.9233372585491324
59.35000228881836,36.849998474121094,2022-02-02,0,21.77112579345703,0.8485272990710969
59.35000228881836,36.75,2022-01-31,0,17.661507924397785,0.9742366368991501
59.35000228881836,36.75,2022-02-01,0,17.27222442626953,1.1021292085781529
59.35000228881836,36.75,2022-02-02,0,17.445971171061196,1.0253813859229264
59.35000228881836,36.650001525878906,2022-01-31,0,12.479413350423178,1.0188340046847186
59.35000228881836,36.650001525878906,2022-02-01,0,12.058709462483725,1.1634497139804003
59.35000228881836,36.650001525878906,2022-02-02,0,12.225735982259115,1.0899330905697926
59.35000228881836,36.54999923706055,2022-01-31,0,13.61379623413086,1.1306888806625104
59.35000228881836,36.54999923706055,2022-02-01,0,13.365548451741537,1.2620149570993702
59.35000228881836,36.54999923706055,2022-02-02,0,13.549620310465494,1.2117785903800915
59.35000228881836,36.45000076293945,2022-01-31,0,15.25094985961914,1.130484450332998
59.35000228881836,36.45000076293945,2022-02-01,0,15.036036173502604,1.2545254275686086
59.35000228881836,36.45000076293945,2022-02-02,0,15.253531138102213,1.2042058505862308
59.35000228881836,36.349998474121094,2022-01-31,0,19.40493901570638,1.1479924542918818
59.35000228881836,36.349998474121094,2022-02-01,0,19.249617258707683,1.2674787540280548
59.35000228881836,36.349998474121094,2022-02-02,0,19.649092356363933,1.1648493059208405
59.35000228881836,36.25,2022-01-31,0,19.69706853230794,1.088979111656953
59.35000228881836,36.25,2022-02-01,0,19.478995005289715,1.201973270951266
59.35000228881836,36.25,2022-02-02,0,19.87611134847005,1.1087211920772844
59.35000228881836,36.150001525878906,2022-01-31,0,19.463062286376953,0.9749336278959725
59.35000228881836,36.150001525878906,2022-02-01,0,19.221089680989582,1.0860997745165848
59.35000228881836,36.150001525878906,2022-02-02,0,19.48709487915039,0.9928677101313371
59.35000228881836,36.04999923706055,2022-01-31,0,19.858932495117188,1.1077932569443503
59.35000228881836,36.04999923706055,2022-02-01,0,19.590435028076172,1.1545852290915763
59.35000228881836,36.04999923706055,2022-02-02,0,19.83374277750651,1.048648472341044
59.35000228881836,35.95000076293945,2022-01-31,0,23.30066680908203,1.2199001311873203
59.35000228881836,35.95000076293945,2022-02-01,0,22.927316029866535,1.2806298232890756
59.35000228881836,35.95000076293945,2022-02-02,0,23.311614990234375,1.16542426505303
59.35000228881836,35.849998474121094,2022-01-31,0,14.543635050455729,1.190059058172186
59.35000228881836,35.849998474121094,2022-02-01,0,13.989105224609375,1.1315646901845695
59.35000228881836,35.849998474121094,2022-02-02,0,14.471448262532553,1.0103717913852805
59.450008392333984,37.04999923706055,2022-01-31,0,19.691104888916016,0.841467426900261
59.450008392333984,37.04999923706055,2022-02-01,0,19.335066477457683,0.9703319075007644
59.450008392333984,37.04999923706055,2022-02-02,0,19.614823659261067,0.8456135522138898
59.450008392333984,36.95000076293945,2022-01-31,0,21.523412068684895,0.6197181723970654
59.450008392333984,36.95000076293945,2022-02-01,0,21.34926478068034,0.7507969749598865
59.450008392333984,36.95000076293945,2022-02-02,0,21.534048716227215,0.6297853035492578
59.450008392333984,36.849998474121094,2022-01-31,0,22.06196467081706,0.7625306884882743
59.450008392333984,36.849998474121094,2022-02-01,0,21.999212900797527,0.883613709202201
59.450008392333984,36.849998474121094,2022-02-02,0,22.068195343017578,0.8134888537994821
59.450008392333984,36.75,2022-01-31,0,20.1815923055013,0.9479068120838814
59.450008392333984,36.75,2022-02-01,0,19.95897928873698,1.0824115268860335
59.450008392333984,36.75,2022-02-02,0,20.19903818766276,1.0199155580608614
59.450008392333984,36.650001525878906,2022-01-31,0,15.352198282877604,1.0419794988488489
59.450008392333984,36.650001525878906,2022-02-01,0,15.086771647135416,1.1939813039724743
59.450008392333984,36.650001525878906,2022-02-02,0,15.361099243164062,1.1302739851507426
59.450008392333984,36.54999923706055,2022-01-31,0,11.112492879231771,1.2275388704815664
59.450008392333984,36.54999923706055,2022-02-01,0,10.813776652018229,1.3073713143487995
59.450008392333984,36.54999923706055,2022-02-02,0,11.079514821370443,1.358010785340239
59.450008392333984,36.45000076293945,2022-01-31,0,13.170127868652344,1.2503130574364043
59.450008392333984,36.45000076293945,2022-02-01,0,12.987658182779947,1.317988444461948
59.450008392333984,36.45000076293945,2022-02-02,0,13.348058064778646,1.3736380993883894
59.450008392333984,36.349998474121094,2022-01-31,0,17.48584747314453,1.2913835256321642
59.450008392333984,36.349998474121094,2022-02-01,0,17.431729634602867,1.3571861443840934
59.450008392333984,36.349998474121094,2022-02-02,0,17.896404266357422,1.3610077195214696
59.450008392333984,36.25,2022-01-31,0,12.479724884033203,1.229894836566075
59.450008392333984,36.25,2022-02-01,0,12.091999053955078,1.290776273783548
59.450008392333984,36.25,2022-02-02,0,12.43753433227539,1.3005293775950513
59.450008392333984,36.150001525878906,2022-01-31,0,12.52471923828125,1.1838773586643077
59.450008392333984,36.150001525878906,2022-02-01,0,12.0539919535319,1.24649108898739
59.450008392333984,36.150001525878906,2022-02-02,0,12.344252268473307,1.2510319567047699
59.450008392333984,36.04999923706055,2022-01-31,0,13.48775863647461,1.1597395590801094
59.450008392333984,36.04999923706055,2022-02-01,0,12.972482045491537,1.273971693061562
59.450008392333984,36.04999923706055,2022-02-02,0,13.245429992675781,1.1455818885697944
59.450008392333984,35.95000076293945,2022-01-31,0,18.88231913248698,1.2137503873007278
59.450008392333984,35.95000076293945,2022-02-01,0,18.394769032796223,1.3426187225494954
59.450008392333984,35.95000076293945,2022-02-02,0,18.74230702718099,1.210706551081651
59.450008392333984,35.849998474121094,2022-01-31,0,14.049943288167318,1.1585572031635845
59.450008392333984,35.849998474121094,2022-02-01,0,13.45144271850586,1.165752839097207
59.450008392333984,35.849998474121094,2022-02-02,0,13.867874145507812,1.0370626121300643
59.54999923706055,37.04999923706055,2022-01-31,0,19.54966862996419,0.9207932063647903
59.54999923706055,37.04999923706055,2022-02-01,0,19.17071024576823,1.0407551914623792
59.54999923706055,37.04999923706055,2022-02-02,0,19.427725474039715,0.9206827770230243
59.54999923706055,36.95000076293945,2022-01-31,0,20.887304941813152,0.6949385860520463
59.54999923706055,36.95000076293945,2022-02-01,0,20.586363474527996,0.8218547474842508
59.54999923706055,36.95000076293945,2022-02-02,0,20.863895416259766,0.6978511646698841
59.54999923706055,36.849998474121094,2022-01-31,0,21.401068369547527,0.7630971035270325
59.54999923706055,36.849998474121094,2022-02-01,0,21.191940307617188,0.886893148163212
59.54999923706055,36.849998474121094,2022-02-02,0,21.326300303141277,0.8202316574463507
59.54999923706055,36.75,2022-01-31,0,19.99378204345703,0.8910211892610168
59.54999923706055,36.75,2022-02-01,0,19.789549509684246,1.0190960560099354
59.54999923706055,36.75,2022-02-02,0,19.987106323242188,0.9514260166195612
59.54999923706055,36.650001525878906,2022-01-31,0,14.717693328857422,1.011355342154606
59.54999923706055,36.650001525878906,2022-02-01,0,14.418621063232422,1.149341677527171
59.54999923706055,36.650001525878906,2022-02-02,0,14.640477498372396,1.0887459272165698
59.54999923706055,36.54999923706055,2022-01-31,0,9.483216603597006,1.2202828212188903
59.54999923706055,36.54999923706055,2022-02-01,0,9.086856842041016,1.2995904685366992
59.54999923706055,36.54999923706055,2022-02-02,0,9.339065551757812,1.346439377240982
59.54999923706055,36.45000076293945,2022-01-31,0,11.958974202473959,1.2541217983697008
59.54999923706055,36.45000076293945,2022-02-01,0,11.788387298583984,1.3288596412925933
59.54999923706055,36.45000076293945,2022-02-02,0,12.204017639160156,1.3813742771796031
59.54999923706055,36.349998474121094,2022-01-31,0,12.265122731526693,1.3339340059943132
59.54999923706055,36.349998474121094,2022-02-01,0,12.138907114664713,1.397718843448751
59.54999923706055,36.349998474121094,2022-02-02,0,12.595036824544271,1.4111125551896095
59.54999923706055,36.25,2022-01-31,0,12.982896169026693,1.2991638461830215
59.54999923706055,36.25,2022-02-01,0,12.789300282796225,1.3612388967629352
59.54999923706055,36.25,2022-02-02,0,13.272488911946615,1.3652898076084712
59.54999923706055,36.150001525878906,2022-01-31,0,9.891859690348307,1.2680887349831027
59.54999923706055,36.150001525878906,2022-02-01,0,9.499149322509766,1.3241100573127618
59.54999923706055,36.150001525878906,2022-02-02,0,9.894574483235678,1.3349007858250623
59.54999923706055,36.04999923706055,2022-01-31,0,9.899514516194662,1.2295354687602265
59.54999923706055,36.04999923706055,2022-02-01,0,9.40755844116211,1.3500972972163763
59.54999923706055,36.04999923706055,2022-02-02,0,9.806632995605469,1.218026677839538
59.54999923706055,35.95000076293945,2022-01-31,0,11.832313537597656,1.2487877951988142
59.54999923706055,35.95000076293945,2022-02-01,0,11.269728342692057,1.373205528008867
59.54999923706055,35.95000076293945,2022-02-02,0,11.690921783447266,1.2397139694051684
59.54999923706055,35.849998474121094,2022-01-31,0,12.773412068684896,1.1887969624021093
59.54999923706055,35.849998474121094,2022-02-01,0,12.184213002522787,1.1870036546861706
59.54999923706055,35.849998474121094,2022-02-02,0,12.641410827636719,1.0557424064066803
59.65000534057617,37.04999923706055,2022-01-31,0,19.568716684977215,1.0898063265185942
59.65000534057617,37.04999923706055,2022-02-01,0,19.189802805582683,1.2218899311261122
59.65000534057617,37.04999923706055,2022-02-02,0,19.428170522054035,1.1219252410103315
59.65000534057617,36.95000076293945,2022-01-31,0,20.790284474690754,0.8925236969930321
59.65000534057617,36.95000076293945,2022-02-01,0,20.43206532796224,1.018000299194646
59.65000534057617,36.95000076293945,2022-02-02,0,20.703633626302082,0.922228991817522
59.65000534057617,36.849998474121094,2022-01-31,0,20.824108123779297,0.8096357767169415
59.65000534057617,36.849998474121094,2022-02-01,0,20.575860341389973,0.9229934176227605
59.65000534057617,36.849998474121094,2022-02-02,0,20.802345275878906,0.8552918922755823
59.65000534057617,36.75,2022-01-31,0,19.53600565592448,0.9079224410642519
59.65000534057617,36.75,2022-02-01,0,19.352868398030598,1.0286112434742352
59.65000534057617,36.75,2022-02-02,0,19.591414133707683,0.9541569339587743
59.65000534057617,36.650001525878906,2022-01-31,0,14.631932576497396,1.0278998774345778
59.65000534057617,36.650001525878906,2022-02-01,0,14.35021718343099,1.1560501056447334
59.65000534057617,36.650001525878906,2022-02-02,0,14.590098063151041,1.0847467196721738
59.65000534057617,36.54999923706055,2022-01-31,0,9.819539388020834,1.2507839040658446
59.65000534057617,36.54999923706055,2022-02-01,0,9.44387435913086,1.3013393666056219
59.65000534057617,36.54999923706055,2022-02-02,0,9.707342783610025,1.3966870622418457
59.65000534057617,36.45000076293945,2022-01-31,0,9.395853678385416,1.2885782393879406
59.65000534057617,36.45000076293945,2022-02-01,0,9.159266153971354,1.3447483282950736
59.65000534057617,36.45000076293945,2022-02-02,0,9.583485921223959,1.4478317172614084
59.65000534057617,36.349998474121094,2022-01-31,0,8.035119374593098,1.4296456478128081
59.65000534057617,36.349998474121094,2022-02-01,0,7.8276824951171875,1.5348506338155532
59.65000534057617,36.349998474121094,2022-02-02,0,8.282254536946613,1.5609299781169257
59.65000534057617,36.25,2022-01-31,0,12.481861114501953,1.430412397782591
59.65000534057617,36.25,2022-02-01,0,12.41946538289388,1.5355648868567502
59.65000534057617,36.25,2022-02-02,0,12.944844563802084,1.5612844600103268
59.65000534057617,36.150001525878906,2022-01-31,0,11.780954996744791,1.41009216459965
59.65000534057617,36.150001525878906,2022-02-01,0,11.653048197428385,1.5120091857909512
59.65000534057617,36.150001525878906,2022-02-02,0,12.16641108194987,1.5370990831572744
59.65000534057617,36.04999923706055,2022-01-31,0,8.169301350911457,1.3855266081849964
59.65000534057617,36.04999923706055,2022-02-01,0,7.777347564697266,1.5363257033789872
59.65000534057617,36.04999923706055,2022-02-02,0,8.214785257975262,1.3848225263371639
59.65000534057617,35.95000076293945,2022-01-31,0,10.143445332845053,1.3772976218466984
59.65000534057617,35.95000076293945,2022-02-01,0,9.656384785970053,1.5324303243709563
59.65000534057617,35.95000076293945,2022-02-02,0,10.1228396097819,1.3814141887509426
59.65000534057617,35.849998474121094,2022-01-31,0,11.538403828938803,1.255518719953506
59.65000534057617,35.849998474121094,2022-02-01,0,10.968297322591146,1.3409114554711175
59.65000534057617,35.849998474121094,2022-02-02,0,11.443742116292318,1.231916101595315
59.749996185302734,37.04999923706055,2022-01-31,0,18.70777130126953,1.1334368589115704
59.749996185302734,37.04999923706055,2022-02-01,0,18.30108642578125,1.2643611125240786
59.749996185302734,37.04999923706055,2022-02-02,0,18.480841318766277,1.165998922120747
59.749996185302734,36.95000076293945,2022-01-31,0,18.461659749348957,1.0409052795752252
59.749996185302734,36.95000076293945,2022-02-01,0,18.023064931233723,1.1688044651107274
59.749996185302734,36.95000076293945,2022-02-02,0,18.151505788167317,1.0705527475907477
59.749996185302734,36.849998474121094,2022-01-31,0,20.51190694173177,0.8985750954094727
59.749996185302734,36.849998474121094,2022-02-01,0,20.251331329345703,1.0155704683053988
59.749996185302734,36.849998474121094,2022-02-02,0,20.64555486043294,0.9378329000525515
59.749996185302734,36.75,2022-01-31,0,19.153709411621094,0.8647720010570222
59.749996185302734,36.75,2022-02-01,0,18.982276916503906,0.9719540116323271
59.749996185302734,36.75,2022-02-02,0,19.37093734741211,0.9043078400588798
59.749996185302734,36.650001525878906,2022-01-31,0,14.914093017578125,0.9640691461256593
59.749996185302734,36.650001525878906,2022-02-01,0,14.691880544026693,1.0923846638285155
59.749996185302734,36.650001525878906,2022-02-02,0,14.994557698567709,1.0209161053043565
59.749996185302734,36.54999923706055,2022-01-31,0,10.506604512532553,1.231905576042157
59.749996185302734,36.54999923706055,2022-02-01,0,10.214831034342447,1.2834583223108023
59.749996185302734,36.54999923706055,2022-02-02,0,10.521024068196615,1.3773720617951613
59.749996185302734,36.45000076293945,2022-01-31,0,9.692745208740234,1.2771722742833929
59.749996185302734,36.45000076293945,2022-02-01,0,9.461053212483725,1.3267900778039101
59.749996185302734,36.45000076293945,2022-02-02,0,9.843304951985678,1.4281743437105439
59.749996185302734,36.349998474121094,2022-01-31,0,8.004989624023438,1.4173732543379514
59.749996185302734,36.349998474121094,2022-02-01,0,7.742455800374349,1.5308719881098731
59.749996185302734,36.349998474121094,2022-02-02,0,8.070634206136067,1.560809532027476
59.749996185302734,36.25,2022-01-31,0,8.105570475260418,1.430412397782591
59.749996185302734,36.25,2022-02-01,0,7.896709442138672,1.54756835070438
59.749996185302734,36.25,2022-02-02,0,8.250878651936848,1.5736739143646072
59.749996185302734,36.150001525878906,2022-01-31,0,11.063226064046225,1.4347197907625404
59.749996185302734,36.150001525878906,2022-02-01,0,10.919075012207031,1.5481595118720102
59.749996185302734,36.150001525878906,2022-02-02,0,11.346588134765625,1.5700151831540727
59.749996185302734,36.04999923706055,2022-01-31,0,6.592807769775391,1.4343435962062496
59.749996185302734,36.04999923706055,2022-02-01,0,6.237125396728516,1.5937260778263194
59.749996185302734,36.04999923706055,2022-02-02,0,6.58016840616862,1.439392214873477
59.749996185302734,35.95000076293945,2022-01-31,0,8.651466369628906,1.4138002102697889
59.749996185302734,35.95000076293945,2022-02-01,0,8.162091573079426,1.5654520027868706
59.749996185302734,35.95000076293945,2022-02-02,0,8.506202697753906,1.4161575551813828
59.749996185302734,35.849998474121094,2022-01-31,0,10.678170522054037,1.283025315965867
59.749996185302734,35.849998474121094,2022-02-01,0,10.15310287475586,1.3714221934878812
59.749996185302734,35.849998474121094,2022-02-02,0,10.6483523050944,1.260931460860036
59.85000228881836,37.04999923706055,2022-01-31,0,15.82305908203125,1.1830915766580061
59.85000228881836,37.04999923706055,2022-02-01,0,15.3779665629069,1.3217394965355065
59.85000228881836,37.04999923706055,2022-02-02,0,15.180409749348959,1.2246871843102762
59.85000228881836,36.95000076293945,2022-01-31,0,17.571697235107422,1.113737683546539
59.85000228881836,36.95000076293945,2022-02-01,0,17.23853429158529,1.2437898296662302
59.85000228881836,36.95000076293945,2022-02-02,0,17.234128316243492,1.1525167068077369
59.85000228881836,36.849998474121094,2022-01-31,0,18.466822306315105,1.0650251124802816
59.85000228881836,36.849998474121094,2022-02-01,0,18.231347401936848,1.1867649549315444
59.85000228881836,36.849998474121094,2022-02-02,0,18.536739349365234,1.1124724188022346
59.85000228881836,36.75,2022-01-31,0,16.814448038736977,0.997754159206726
59.85000228881836,36.75,2022-02-01,0,16.59503936767578,1.1157927579809466
59.85000228881836,36.75,2022-02-02,0,16.96242650349935,1.0446477281952646
59.85000228881836,36.650001525878906,2022-01-31,0,14.654095967610678,0.9674076044296185
59.85000228881836,36.650001525878906,2022-02-01,0,14.505271911621094,1.0883612066768305
59.85000228881836,36.650001525878906,2022-02-02,0,14.898249308268229,1.0137849147902156
59.85000228881836,36.54999923706055,2022-01-31,0,10.568377176920572,1.1979530460403023
59.85000228881836,36.54999923706055,2022-02-01,0,10.316880544026693,1.240586840579514
59.85000228881836,36.54999923706055,2022-02-02,0,10.60309092203776,1.3271026347673769
59.85000228881836,36.45000076293945,2022-01-31,0,10.186036427815756,1.2583803987795845
59.85000228881836,36.45000076293945,2022-02-01,0,9.921277364095053,1.3167130330261492
59.85000228881836,36.45000076293945,2022-02-02,0,10.180562337239584,1.4087040742260792
59.85000228881836,36.349998474121094,2022-01-31,0,7.8835805257161455,1.4097808332242439
59.85000228881836,36.349998474121094,2022-02-01,0,7.544765472412109,1.5268940796396304
59.85000228881836,36.349998474121094,2022-02-02,0,7.689450581868489,1.5525756560254476
59.85000228881836,36.25,2022-01-31,0,6.279538472493489,1.4467914327326212
59.85000228881836,36.25,2022-02-01,0,5.981089274088542,1.5675837600693436
59.85000228881836,36.25,2022-02-02,0,6.175931294759114,1.5943327830892269
59.85000228881836,36.150001525878906,2022-01-31,0,6.160799662272136,1.4634745582885806
59.85000228881836,36.150001525878906,2022-02-01,0,5.916557312011719,1.5760504299202125
59.85000228881836,36.150001525878906,2022-02-02,0,6.160888671875,1.603204989103537
59.85000228881836,36.04999923706055,2022-01-31,0,5.353616078694661,1.4632491091680393
59.85000228881836,36.04999923706055,2022-02-01,0,5.059350331624349,1.6226582467013173
59.85000228881836,36.04999923706055,2022-02-02,0,5.3275807698567705,1.4703292963072214
59.85000228881836,35.95000076293945,2022-01-31,0,7.444362640380859,1.4386314150809296
59.85000228881836,35.95000076293945,2022-02-01,0,7.0269521077473955,1.5861066222039473
59.85000228881836,35.95000076293945,2022-02-02,0,7.3591359456380205,1.4354755078201202
59.85000228881836,35.849998474121094,2022-01-31,0,9.593944549560547,1.3062608347202485
59.85000228881836,35.849998474121094,2022-02-01,0,9.22112782796224,1.39027748935244
59.85000228881836,35.849998474121094,2022-02-02,0,9.925638834635416,1.2790798657957956
59.950008392333984,37.04999923706055,2022-01-31,0,14.110247294108072,1.4297703566395923
59.950008392333984,37.04999923706055,2022-02-01,0,13.70102564493815,1.5228098674164483
59.950008392333984,37.04999923706055,2022-02-02,0,13.108177185058594,1.4420639155117705
59.950008392333984,36.95000076293945,2022-01-31,0,16.58787409464518,1.3251316301453115
59.950008392333984,36.95000076293945,2022-02-01,0,16.33918126424154,1.412291438197754
59.950008392333984,36.95000076293945,2022-02-02,0,16.119327545166016,1.3385630023395787
59.950008392333984,36.849998474121094,2022-01-31,0,17.044404347737633,1.3162679562402346
59.950008392333984,36.849998474121094,2022-02-01,0,16.874306996663414,1.4285044967198315
59.950008392333984,36.849998474121094,2022-02-02,0,16.919434865315758,1.3481992765892474
59.950008392333984,36.75,2022-01-31,0,13.666667938232422,1.291066830094283
59.950008392333984,36.75,2022-02-01,0,13.399327596028646,1.3955714220273665
59.950008392333984,36.75,2022-02-02,0,13.5821533203125,1.3206392191955754
59.950008392333984,36.650001525878906,2022-01-31,0,12.282702128092447,1.188927136388476
59.950008392333984,36.650001525878906,2022-02-01,0,12.037436167399088,1.293962623979523
59.950008392333984,36.650001525878906,2022-02-02,0,12.29458491007487,1.2149705249469456
59.950008392333984,36.54999923706055,2022-01-31,0,10.879955291748047,1.206336223437786
59.950008392333984,36.54999923706055,2022-02-01,0,10.578924814860025,1.258190919650647
59.950008392333984,36.54999923706055,2022-02-02,0,10.771541595458984,1.2109058666558619
59.950008392333984,36.45000076293945,2022-01-31,0,9.630616505940756,1.2850900512688956
59.950008392333984,36.45000076293945,2022-02-01,0,9.268569946289062,1.3657569561239913
59.950008392333984,36.45000076293945,2022-02-02,0,9.320418039957682,1.3119217060834403
59.950008392333984,36.349998474121094,2022-01-31,0,8.363253275553387,1.4271129706174233
59.950008392333984,36.349998474121094,2022-02-01,0,7.9501597086588545,1.5546736611828724
59.950008392333984,36.349998474121094,2022-02-02,0,7.930177052815755,1.4470387740048452
59.950008392333984,36.25,2022-01-31,0,6.671670277913411,1.4959747940184054
59.950008392333984,36.25,2022-02-01,0,6.292311350504558,1.6335083001088313
59.950008392333984,36.25,2022-02-02,0,6.301968892415364,1.5177727471038873
59.950008392333984,36.150001525878906,2022-01-31,0,5.771471659342448,1.5172667960456536
59.950008392333984,36.150001525878906,2022-02-01,0,5.446275075276692,1.6550663309386417
59.950008392333984,36.150001525878906,2022-02-02,0,5.534839630126953,1.5456872851114816
59.950008392333984,36.04999923706055,2022-01-31,0,4.8825327555338545,1.5931122065853833
59.950008392333984,36.04999923706055,2022-02-01,0,4.629478454589844,1.7935383386745174
59.950008392333984,36.04999923706055,2022-02-02,0,4.8316192626953125,1.6203245431885374
59.950008392333984,35.95000076293945,2022-01-31,0,6.889209747314453,1.5847686076526564
59.950008392333984,35.95000076293945,2022-02-01,0,6.604779561360677,1.7719310760574882
59.950008392333984,35.95000076293945,2022-02-02,0,7.076975504557292,1.6001553157364563
59.950008392333984,35.849998474121094,2022-01-31,0,8.46993128458659,1.397468264464361
59.950008392333984,35.849998474121094,2022-02-01,0,8.260536193847656,1.563369020180541
59.950008392333984,35.849998474121094,2022-02-02,0,9.157129923502604,1.4137575425562814
60.04999923706055,37.04999923706055,2022-01-31,0,11.647796630859375,1.471078633198461
60.04999923706055,37.04999923706055,2022-02-01,0,11.176401774088541,1.5792807350980393
60.04999923706055,37.04999923706055,2022-02-02,0,10.398502349853516,1.4968770483816343
60.04999923706055,36.95000076293945,2022-01-31,0,14.556763966878256,1.418864398820767
60.04999923706055,36.95000076293945,2022-02-01,0,14.269663492838541,1.5126644343194176
60.04999923706055,36.95000076293945,2022-02-02,0,13.828264872233072,1.4321392752814952
60.04999923706055,36.849998474121094,2022-01-31,0,14.65707778930664,1.3678430136505892
60.04999923706055,36.849998474121094,2022-02-01,0,14.442920684814453,1.487887674964133
60.04999923706055,36.849998474121094,2022-02-02,0,14.282347361246744,1.4055895352910897
60.04999923706055,36.75,2022-01-31,0,11.617488861083984,1.3500110275240247
60.04999923706055,36.75,2022-02-01,0,11.349614461263021,1.469471728017129
60.04999923706055,36.75,2022-02-02,0,11.324335734049479,1.388625185219897
60.04999923706055,36.650001525878906,2022-01-31,0,11.028734842936197,1.321015665780523
60.04999923706055,36.650001525878906,2022-02-01,0,10.700867970784506,1.4298492342733313
60.04999923706055,36.650001525878906,2022-02-02,0,10.76272964477539,1.345725258969565
60.04999923706055,36.54999923706055,2022-01-31,0,11.871166229248047,1.2924794284576258
60.04999923706055,36.54999923706055,2022-02-01,0,11.460253397623697,1.339501633969302
60.04999923706055,36.54999923706055,2022-02-02,0,11.522916158040365,1.2822577471412757
60.04999923706055,36.45000076293945,2022-01-31,0,11.514460245768229,1.2550607698860023
60.04999923706055,36.45000076293945,2022-02-01,0,11.040172576904297,1.3213209039838831
60.04999923706055,36.45000076293945,2022-02-02,0,10.992685953776041,1.2645811931289923
60.04999923706055,36.349998474121094,2022-01-31,0,10.237528483072916,1.3899961004684647
60.04999923706055,36.349998474121094,2022-02-01,0,9.718379974365234,1.5050313548476928
60.04999923706055,36.349998474121094,2022-02-02,0,9.559942881266275,1.3968192645557869
60.04999923706055,36.25,2022-01-31,0,8.975817362467447,1.4963404059985872
60.04999923706055,36.25,2022-02-01,0,8.461252848307293,1.6211565178295948
60.04999923706055,36.25,2022-02-02,0,8.313318888346355,1.5056363425627246
60.04999923706055,36.150001525878906,2022-01-31,0,8.113447825113933,1.5457619669457998
60.04999923706055,36.150001525878906,2022-02-01,0,7.627811431884766,1.6842114139099307
60.04999923706055,36.150001525878906,2022-02-02,0,7.530879974365234,1.5652442112290441
60.04999923706055,36.04999923706055,2022-01-31,0,5.21182378133138,1.6192601189665663
60.04999923706055,36.04999923706055,2022-02-01,0,4.94167963663737,1.8243363563742832
60.04999923706055,36.04999923706055,2022-02-02,0,5.113156636555989,1.6451672748097201
60.04999923706055,35.95000076293945,2022-01-31,0,6.735089619954427,1.6153565857133687
60.04999923706055,35.95000076293945,2022-02-01,0,6.452840169270833,1.8117346833146295
60.04999923706055,35.95000076293945,2022-02-02,0,6.879952748616536,1.637508354909413
60.04999923706055,35.849998474121094,2022-01-31,0,8.412965138753254,1.413525551666693
60.04999923706055,35.849998474121094,2022-02-01,0,8.163026173909504,1.567600161603619
60.04999923706055,35.849998474121094,2022-02-02,0,8.932024637858072,1.4177599235383211
