x,y,time,spatial_ref,volumetric_soil_water_layer_3,wp_list_100cm,fc_list_100cm
58.35000228881836,37.04999923706055,2022-01-31,0,116.84234619140625,18.097,29.567
58.35000228881836,37.04999923706055,2022-02-01,0,117.27081298828125,18.097,29.567
58.35000228881836,37.04999923706055,2022-02-02,0,117.711181640625,18.097,29.567
58.35000228881836,36.95000076293945,2022-01-31,0,138.204345703125,14.461,24.103
58.35000228881836,36.95000076293945,2022-02-01,0,138.69186401367188,14.461,24.103
58.35000228881836,36.95000076293945,2022-02-02,0,139.19174194335938,14.461,24.103
58.35000228881836,36.849998474121094,2022-01-31,0,138.145751953125,15.074,25.044
58.35000228881836,36.849998474121094,2022-02-01,0,138.7921142578125,15.074,25.044
58.35000228881836,36.849998474121094,2022-02-02,0,139.44488525390625,15.074,25.044
58.35000228881836,36.75,2022-01-31,0,133.29071044921875,16.91,28.175
58.35000228881836,36.75,2022-02-01,0,134.22409057617188,16.91,28.175
58.35000228881836,36.75,2022-02-02,0,135.1318359375,16.91,28.175
58.35000228881836,36.650001525878906,2022-01-31,0,128.57757568359375,14.45,23.899
58.35000228881836,36.650001525878906,2022-02-01,0,129.49676513671875,14.45,23.899
58.35000228881836,36.650001525878906,2022-02-02,0,130.36605834960938,14.45,23.899
58.35000228881836,36.54999923706055,2022-01-31,0,122.5341796875,13.786,22.127
58.35000228881836,36.54999923706055,2022-02-01,0,123.26705932617188,13.786,22.127
58.35000228881836,36.54999923706055,2022-02-02,0,123.95782470703125,13.786,22.127
58.35000228881836,36.45000076293945,2022-01-31,0,123.56369018554688,17.517,29.244
58.35000228881836,36.45000076293945,2022-02-01,0,123.98117065429688,17.517,29.244
58.35000228881836,36.45000076293945,2022-02-02,0,124.3780517578125,17.517,29.244
58.35000228881836,36.349998474121094,2022-01-31,0,152.6312255859375,15.048,24.453
58.35000228881836,36.349998474121094,2022-02-01,0,152.666015625,15.048,24.453
58.35000228881836,36.349998474121094,2022-02-02,0,152.70034790039062,15.048,24.453
58.35000228881836,36.25,2022-01-31,0,191.9769287109375,17.492,28.506
58.35000228881836,36.25,2022-02-01,0,192.0538330078125,17.492,28.506
58.35000228881836,36.25,2022-02-02,0,192.12295532226562,17.492,28.506
58.35000228881836,36.150001525878906,2022-01-31,0,112.72064208984375,16.918,28.366
58.35000228881836,36.150001525878906,2022-02-01,0,112.730712890625,16.918,28.366
58.35000228881836,36.150001525878906,2022-02-02,0,112.72476196289062,16.918,28.366
58.35000228881836,36.04999923706055,2022-01-31,0,113.88839721679688,13.845,23.152
58.35000228881836,36.04999923706055,2022-02-01,0,113.88427734375,13.845,23.152
58.35000228881836,36.04999923706055,2022-02-02,0,113.88427734375,13.845,23.152
58.35000228881836,35.95000076293945,2022-01-31,0,126.23291015625,17.485,28.321
58.35000228881836,35.95000076293945,2022-02-01,0,126.23291015625,17.485,28.321
58.35000228881836,35.95000076293945,2022-02-02,0,126.23291015625,17.485,28.321
58.35000228881836,35.849998474121094,2022-01-31,0,134.388427734375,15.703,26.369
58.35000228881836,35.849998474121094,2022-02-01,0,134.39849853515625,15.703,26.369
58.35000228881836,35.849998474121094,2022-02-02,0,134.40673828125,15.703,26.369
58.450008392333984,37.04999923706055,2022-01-31,0,121.754150390625,15.698,26.179
58.450008392333984,37.04999923706055,2022-02-01,0,122.3419189453125,15.698,26.179
58.450008392333984,37.04999923706055,2022-02-02,0,122.93289184570312,15.698,26.179
58.450008392333984,36.95000076293945,2022-01-31,0,126.485595703125,13.857,23.359
58.450008392333984,36.95000076293945,2022-02-01,0,127.020263671875,13.857,23.359
58.450008392333984,36.95000076293945,2022-02-02,0,127.56683349609375,13.857,23.359
58.450008392333984,36.849998474121094,2022-01-31,0,128.14315795898438,10.655,17.421
58.450008392333984,36.849998474121094,2022-02-01,0,128.82110595703125,10.655,17.421
58.450008392333984,36.849998474121094,2022-02-02,0,129.49905395507812,10.655,17.421
58.450008392333984,36.75,2022-01-31,0,134.03457641601562,15.731,26.967
58.450008392333984,36.75,2022-02-01,0,135.047607421875,15.731,26.967
58.450008392333984,36.75,2022-02-02,0,136.036376953125,15.731,26.967
58.450008392333984,36.650001525878906,2022-01-31,0,134.30099487304688,18.077,29.024
58.450008392333984,36.650001525878906,2022-02-01,0,135.3607177734375,18.077,29.024
58.450008392333984,36.650001525878906,2022-02-02,0,136.37191772460938,18.077,29.024
58.450008392333984,36.54999923706055,2022-01-31,0,129.41757202148438,19.248,30.069
58.450008392333984,36.54999923706055,2022-02-01,0,130.32669067382812,19.248,30.069
58.450008392333984,36.54999923706055,2022-02-02,0,131.18865966796875,19.248,30.069
58.450008392333984,36.45000076293945,2022-01-31,0,123.67263793945312,15.674,25.776
58.450008392333984,36.45000076293945,2022-02-01,0,124.40093994140625,15.674,25.776
58.450008392333984,36.45000076293945,2022-02-02,0,125.0848388671875,15.674,25.776
58.450008392333984,36.349998474121094,2022-01-31,0,128.06900024414062,13.845,23.152
58.450008392333984,36.349998474121094,2022-02-01,0,128.55606079101562,13.845,23.152
58.450008392333984,36.349998474121094,2022-02-02,0,129.00924682617188,13.845,23.152
58.450008392333984,36.25,2022-01-31,0,209.95376586914062,19.258,30.41
58.450008392333984,36.25,2022-02-01,0,209.96658325195312,19.258,30.41
58.450008392333984,36.25,2022-02-02,0,209.97894287109375,19.258,30.41
58.450008392333984,36.150001525878906,2022-01-31,0,172.22946166992188,15.095,25.446
58.450008392333984,36.150001525878906,2022-02-01,0,172.2857666015625,15.095,25.446
58.450008392333984,36.150001525878906,2022-02-02,0,172.33978271484375,15.095,25.446
58.450008392333984,36.04999923706055,2022-01-31,0,114.9609375,13.845,23.152
58.450008392333984,36.04999923706055,2022-02-01,0,114.95315551757812,13.845,23.152
58.450008392333984,36.04999923706055,2022-02-02,0,114.949951171875,13.845,23.152
58.450008392333984,35.95000076293945,2022-01-31,0,125.0042724609375,19.263,30.581
58.450008392333984,35.95000076293945,2022-02-01,0,125.013427734375,19.263,30.581
58.450008392333984,35.95000076293945,2022-02-02,0,125.01617431640625,19.263,30.581
58.450008392333984,35.849998474121094,2022-01-31,0,136.27761840820312,14.516,25.13
58.450008392333984,35.849998474121094,2022-02-01,0,136.30096435546875,14.516,25.13
58.450008392333984,35.849998474121094,2022-02-02,0,136.32568359375,14.516,25.13
58.54999923706055,37.04999923706055,2022-01-31,0,121.24282836914062,14.483,24.512
58.54999923706055,37.04999923706055,2022-02-01,0,121.80038452148438,14.483,24.512
58.54999923706055,37.04999923706055,2022-02-02,0,122.354736328125,14.483,24.512
58.54999923706055,36.95000076293945,2022-01-31,0,120.45089721679688,14.461,24.103
58.54999923706055,36.95000076293945,2022-02-01,0,120.9393310546875,14.461,24.103
58.54999923706055,36.95000076293945,2022-02-02,0,121.43234252929688,14.461,24.103
58.54999923706055,36.849998474121094,2022-01-31,0,122.12860107421875,10.655,17.421
58.54999923706055,36.849998474121094,2022-02-01,0,122.74337768554688,10.655,17.421
58.54999923706055,36.849998474121094,2022-02-02,0,123.35952758789062,10.655,17.421
58.54999923706055,36.75,2022-01-31,0,130.74691772460938,19.263,30.581
58.54999923706055,36.75,2022-02-01,0,131.7169189453125,19.263,30.581
58.54999923706055,36.75,2022-02-02,0,132.66860961914062,19.263,30.581
58.54999923706055,36.650001525878906,2022-01-31,0,131.30630493164062,16.894,27.794
58.54999923706055,36.650001525878906,2022-02-01,0,132.35366821289062,16.894,27.794
58.54999923706055,36.650001525878906,2022-02-02,0,133.37310791015625,16.894,27.794
58.54999923706055,36.54999923706055,2022-01-31,0,136.37832641601562,19.258,30.41
58.54999923706055,36.54999923706055,2022-02-01,0,137.41104125976562,19.258,30.41
58.54999923706055,36.54999923706055,2022-02-02,0,138.39981079101562,19.258,30.41
58.54999923706055,36.45000076293945,2022-01-31,0,132.57339477539062,16.273,26.504
58.54999923706055,36.45000076293945,2022-02-01,0,133.55072021484375,16.273,26.504
58.54999923706055,36.45000076293945,2022-02-02,0,134.454345703125,16.273,26.504
58.54999923706055,36.349998474121094,2022-01-31,0,148.78143310546875,13.226,22.193
58.54999923706055,36.349998474121094,2022-02-01,0,149.60678100585938,13.226,22.193
58.54999923706055,36.349998474121094,2022-02-02,0,150.36209106445312,13.226,22.193
58.54999923706055,36.25,2022-01-31,0,220.23193359375,19.272,30.924
58.54999923706055,36.25,2022-02-01,0,220.279541015625,19.272,30.924
58.54999923706055,36.25,2022-02-02,0,220.32485961914062,19.272,30.924
58.54999923706055,36.150001525878906,2022-01-31,0,202.49862670898438,11.935,19.612
58.54999923706055,36.150001525878906,2022-02-01,0,202.65655517578125,11.935,19.612
58.54999923706055,36.150001525878906,2022-02-02,0,202.811279296875,11.935,19.612
58.54999923706055,36.04999923706055,2022-01-31,0,113.18115234375,18.674,29.896
58.54999923706055,36.04999923706055,2022-02-01,0,113.18115234375,18.674,29.896
58.54999923706055,36.04999923706055,2022-02-02,0,113.17520141601562,18.674,29.896
58.54999923706055,35.95000076293945,2022-01-31,0,126.10382080078125,15.693,26.171
58.54999923706055,35.95000076293945,2022-02-01,0,126.11892700195312,15.693,26.171
58.54999923706055,35.95000076293945,2022-02-02,0,126.12579345703125,15.693,26.171
58.54999923706055,35.849998474121094,2022-01-31,0,140.04318237304688,13.904,24.194
58.54999923706055,35.849998474121094,2022-02-01,0,140.09536743164062,13.904,24.194
58.54999923706055,35.849998474121094,2022-02-02,0,140.14434814453125,13.904,24.194
58.65000534057617,37.04999923706055,2022-01-31,0,122.73056030273438,16.291,26.89
58.65000534057617,37.04999923706055,2022-02-01,0,123.25103759765625,16.291,26.89
58.65000534057617,37.04999923706055,2022-02-02,0,123.7701416015625,16.291,26.89
58.65000534057617,36.95000076293945,2022-01-31,0,116.36810302734375,11.29,18.413
58.65000534057617,36.95000076293945,2022-02-01,0,116.824951171875,11.29,18.413
58.65000534057617,36.95000076293945,2022-02-02,0,117.29049682617188,11.29,18.413
58.65000534057617,36.849998474121094,2022-01-31,0,117.7935791015625,18.685,30.249
58.65000534057617,36.849998474121094,2022-02-01,0,118.39462280273438,18.685,30.249
58.65000534057617,36.849998474121094,2022-02-02,0,118.98971557617188,18.685,30.249
58.65000534057617,36.75,2022-01-31,0,126.57028198242188,17.471,27.952
58.65000534057617,36.75,2022-02-01,0,127.49130249023438,17.471,27.952
58.65000534057617,36.75,2022-02-02,0,128.38531494140625,17.471,27.952
58.65000534057617,36.650001525878906,2022-01-31,0,132.83615112304688,15.136,26.258
58.65000534057617,36.650001525878906,2022-02-01,0,133.9013671875,15.136,26.258
58.65000534057617,36.650001525878906,2022-02-02,0,134.94461059570312,15.136,26.258
58.65000534057617,36.54999923706055,2022-01-31,0,143.800048828125,15.095,25.446
58.65000534057617,36.54999923706055,2022-02-01,0,144.80758666992188,15.095,25.446
58.65000534057617,36.54999923706055,2022-02-02,0,145.777587890625,15.095,25.446
58.65000534057617,36.45000076293945,2022-01-31,0,147.25936889648438,13.206,21.785
58.65000534057617,36.45000076293945,2022-02-01,0,148.49533081054688,13.206,21.785
58.65000534057617,36.45000076293945,2022-02-02,0,149.64202880859375,13.206,21.785
58.65000534057617,36.349998474121094,2022-01-31,0,199.74884033203125,13.226,22.193
58.65000534057617,36.349998474121094,2022-02-01,0,200.78933715820312,13.226,22.193
58.65000534057617,36.349998474121094,2022-02-02,0,201.71585083007812,13.226,22.193
58.65000534057617,36.25,2022-01-31,0,233.57711791992188,16.926,28.558
58.65000534057617,36.25,2022-02-01,0,233.67233276367188,16.926,28.558
58.65000534057617,36.25,2022-02-02,0,233.7652587890625,16.926,28.558
58.65000534057617,36.150001525878906,2022-01-31,0,204.33151245117188,13.821,22.74
58.65000534057617,36.150001525878906,2022-02-01,0,204.59564208984375,13.821,22.74
58.65000534057617,36.150001525878906,2022-02-02,0,204.85107421875,13.821,22.74
58.65000534057617,36.04999923706055,2022-01-31,0,188.162841796875,16.299,27.084
58.65000534057617,36.04999923706055,2022-02-01,0,188.162841796875,16.299,27.084
58.65000534057617,36.04999923706055,2022-02-02,0,188.162841796875,16.299,27.084
58.65000534057617,35.95000076293945,2022-01-31,0,121.2542724609375,16.308,27.279
58.65000534057617,35.95000076293945,2022-02-01,0,121.28448486328125,16.308,27.279
58.65000534057617,35.95000076293945,2022-02-02,0,121.31149291992188,16.308,27.279
58.65000534057617,35.849998474121094,2022-01-31,0,140.430908203125,13.226,22.193
58.65000534057617,35.849998474121094,2022-02-01,0,140.49911499023438,13.226,22.193
58.65000534057617,35.849998474121094,2022-02-02,0,140.570068359375,13.226,22.193
58.749996185302734,37.04999923706055,2022-01-31,0,123.6767578125,13.904,24.194
58.749996185302734,37.04999923706055,2022-02-01,0,124.18304443359375,13.904,24.194
58.749996185302734,37.04999923706055,2022-02-02,0,124.691162109375,13.904,24.194
58.749996185302734,36.95000076293945,2022-01-31,0,117.21542358398438,11.935,19.612
58.749996185302734,36.95000076293945,2022-02-01,0,117.7020263671875,11.935,19.612
58.749996185302734,36.95000076293945,2022-02-02,0,118.18817138671875,11.935,19.612
58.749996185302734,36.849998474121094,2022-01-31,0,128.5821533203125,16.902,27.984
58.749996185302734,36.849998474121094,2022-02-01,0,129.09988403320312,16.902,27.984
58.749996185302734,36.849998474121094,2022-02-02,0,129.61349487304688,16.902,27.984
58.749996185302734,36.75,2022-01-31,0,123.58840942382812,17.478,28.136
58.749996185302734,36.75,2022-02-01,0,124.51171875,17.478,28.136
58.749996185302734,36.75,2022-02-02,0,125.39840698242188,17.478,28.136
58.749996185302734,36.650001525878906,2022-01-31,0,136.04873657226562,12.563,20.593
58.749996185302734,36.650001525878906,2022-02-01,0,137.13958740234375,12.563,20.593
58.749996185302734,36.650001525878906,2022-02-02,0,138.18603515625,12.563,20.593
58.749996185302734,36.54999923706055,2022-01-31,0,144.48532104492188,16.326,27.669
58.749996185302734,36.54999923706055,2022-02-01,0,145.1458740234375,16.326,27.669
58.749996185302734,36.54999923706055,2022-02-02,0,145.79132080078125,16.326,27.669
58.749996185302734,36.45000076293945,2022-01-31,0,148.65966796875,15.048,24.453
58.749996185302734,36.45000076293945,2022-02-01,0,149.44564819335938,15.048,24.453
58.749996185302734,36.45000076293945,2022-02-02,0,150.1849365234375,15.048,24.453
58.749996185302734,36.349998474121094,2022-01-31,0,140.85525512695312,17.478,28.136
58.749996185302734,36.349998474121094,2022-02-01,0,142.03262329101562,17.478,28.136
58.749996185302734,36.349998474121094,2022-02-02,0,143.1024169921875,17.478,28.136
58.749996185302734,36.25,2022-01-31,0,219.22256469726562,16.926,28.558
58.749996185302734,36.25,2022-02-01,0,220.01449584960938,16.926,28.558
58.749996185302734,36.25,2022-02-02,0,220.72311401367188,16.926,28.558
58.749996185302734,36.150001525878906,2022-01-31,0,203.97216796875,14.494,24.717
58.749996185302734,36.150001525878906,2022-02-01,0,204.17221069335938,14.494,24.717
58.749996185302734,36.150001525878906,2022-02-02,0,204.3658447265625,14.494,24.717
58.749996185302734,36.04999923706055,2022-01-31,0,205.97854614257812,19.263,30.581
58.749996185302734,36.04999923706055,2022-02-01,0,205.9716796875,19.263,30.581
58.749996185302734,36.04999923706055,2022-02-02,0,205.96481323242188,19.263,30.581
58.749996185302734,35.95000076293945,2022-01-31,0,113.42788696289062,13.88,23.776
58.749996185302734,35.95000076293945,2022-02-01,0,113.47732543945312,13.88,23.776
58.749996185302734,35.95000076293945,2022-02-02,0,113.5235595703125,13.88,23.776
58.749996185302734,35.849998474121094,2022-01-31,0,134.64797973632812,13.226,22.193
58.749996185302734,35.849998474121094,2022-02-01,0,134.74227905273438,13.226,22.193
58.749996185302734,35.849998474121094,2022-02-02,0,134.82925415039062,13.226,22.193
58.85000228881836,37.04999923706055,2022-01-31,0,124.77584838867188,14.444,23.706
58.85000228881836,37.04999923706055,2022-02-01,0,125.28076171875,14.444,23.706
58.85000228881836,37.04999923706055,2022-02-02,0,125.78659057617188,14.444,23.706
58.85000228881836,36.95000076293945,2022-01-31,0,126.6302490234375,13.162,21.154
58.85000228881836,36.95000076293945,2022-02-01,0,127.06558227539062,13.162,21.154
58.85000228881836,36.95000076293945,2022-02-02,0,127.5018310546875,13.162,21.154
58.85000228881836,36.849998474121094,2022-01-31,0,158.9337158203125,16.317,27.474
58.85000228881836,36.849998474121094,2022-02-01,0,159.13650512695312,16.317,27.474
58.85000228881836,36.849998474121094,2022-02-02,0,159.34158325195312,16.317,27.474
58.85000228881836,36.75,2022-01-31,0,120.54611206054688,13.2,21.775
58.85000228881836,36.75,2022-02-01,0,121.3494873046875,13.2,21.775
58.85000228881836,36.75,2022-02-02,0,122.120361328125,13.2,21.775
58.85000228881836,36.650001525878906,2022-01-31,0,127.2216796875,12.563,20.593
58.85000228881836,36.650001525878906,2022-02-01,0,128.18893432617188,12.563,20.593
58.85000228881836,36.650001525878906,2022-02-02,0,129.1058349609375,12.563,20.593
58.85000228881836,36.54999923706055,2022-01-31,0,151.695556640625,15.703,26.369
58.85000228881836,36.54999923706055,2022-02-01,0,153.123779296875,15.703,26.369
58.85000228881836,36.54999923706055,2022-02-02,0,154.50302124023438,15.703,26.369
58.85000228881836,36.45000076293945,2022-01-31,0,146.11587524414062,15.642,25.002
58.85000228881836,36.45000076293945,2022-02-01,0,146.82540893554688,15.642,25.002
58.85000228881836,36.45000076293945,2022-02-02,0,147.54592895507812,15.642,25.002
58.85000228881836,36.349998474121094,2022-01-31,0,142.88314819335938,16.278,26.512
58.85000228881836,36.349998474121094,2022-02-01,0,144.1314697265625,16.278,26.512
58.85000228881836,36.349998474121094,2022-02-02,0,145.38528442382812,16.278,26.512
58.85000228881836,36.25,2022-01-31,0,191.619873046875,17.473,28.129
58.85000228881836,36.25,2022-02-01,0,192.48001098632812,17.473,28.129
58.85000228881836,36.25,2022-02-02,0,193.26278686523438,17.473,28.129
58.85000228881836,36.150001525878906,2022-01-31,0,208.33511352539062,15.095,25.446
58.85000228881836,36.150001525878906,2022-02-01,0,208.59146118164062,15.095,25.446
58.85000228881836,36.150001525878906,2022-02-02,0,208.8372802734375,15.095,25.446
58.85000228881836,36.04999923706055,2022-01-31,0,206.77734375,18.674,29.896
58.85000228881836,36.04999923706055,2022-02-01,0,206.78009033203125,18.674,29.896
58.85000228881836,36.04999923706055,2022-02-02,0,206.78466796875,18.674,29.896
58.85000228881836,35.95000076293945,2022-01-31,0,122.698974609375,16.894,27.794
58.85000228881836,35.95000076293945,2022-02-01,0,122.73971557617188,16.894,27.794
58.85000228881836,35.95000076293945,2022-02-02,0,122.77908325195312,16.894,27.794
58.85000228881836,35.849998474121094,2022-01-31,0,134.90386962890625,14.472,24.307
58.85000228881836,35.849998474121094,2022-02-01,0,135.0,14.472,24.307
58.85000228881836,35.849998474121094,2022-02-02,0,135.09475708007812,14.472,24.307
58.950008392333984,37.04999923706055,2022-01-31,0,121.64657592773438,12.603,21.225
58.950008392333984,37.04999923706055,2022-02-01,0,122.12448120117188,12.603,21.225
58.950008392333984,37.04999923706055,2022-02-02,0,122.60604858398438,12.603,21.225
58.950008392333984,36.95000076293945,2022-01-31,0,126.56478881835938,10.639,17.207
58.950008392333984,36.95000076293945,2022-02-01,0,127.02072143554688,10.639,17.207
58.950008392333984,36.95000076293945,2022-02-02,0,127.47528076171875,10.639,17.207
58.950008392333984,36.849998474121094,2022-01-31,0,152.16384887695312,16.91,28.175
58.950008392333984,36.849998474121094,2022-02-01,0,152.54241943359375,16.91,28.175
58.950008392333984,36.849998474121094,2022-02-02,0,152.91412353515625,16.91,28.175
58.950008392333984,36.75,2022-01-31,0,106.80679321289062,16.886,27.605
58.950008392333984,36.75,2022-02-01,0,107.38861083984375,16.886,27.605
58.950008392333984,36.75,2022-02-02,0,107.94570922851562,16.886,27.605
58.950008392333984,36.650001525878906,2022-01-31,0,132.20306396484375,19.248,30.069
58.950008392333984,36.650001525878906,2022-02-01,0,132.9180908203125,19.248,30.069
58.950008392333984,36.650001525878906,2022-02-02,0,133.58596801757812,19.248,30.069
58.950008392333984,36.54999923706055,2022-01-31,0,138.29269409179688,18.663,29.545
58.950008392333984,36.54999923706055,2022-02-01,0,139.58587646484375,18.663,29.545
58.950008392333984,36.54999923706055,2022-02-02,0,140.7806396484375,18.663,29.545
58.950008392333984,36.45000076293945,2022-01-31,0,147.7276611328125,15.703,26.369
58.950008392333984,36.45000076293945,2022-02-01,0,148.71551513671875,15.703,26.369
58.950008392333984,36.45000076293945,2022-02-02,0,149.6575927734375,15.703,26.369
58.950008392333984,36.349998474121094,2022-01-31,0,139.38720703125,17.492,28.506
58.950008392333984,36.349998474121094,2022-02-01,0,139.85275268554688,17.492,28.506
58.950008392333984,36.349998474121094,2022-02-02,0,140.31967163085938,17.492,28.506
58.950008392333984,36.25,2022-01-31,0,179.55368041992188,15.053,24.643
58.950008392333984,36.25,2022-02-01,0,180.07598876953125,15.053,24.643
58.950008392333984,36.25,2022-02-02,0,180.57540893554688,15.053,24.643
58.950008392333984,36.150001525878906,2022-01-31,0,221.88079833984375,15.095,25.446
58.950008392333984,36.150001525878906,2022-02-01,0,221.93756103515625,15.095,25.446
58.950008392333984,36.150001525878906,2022-02-02,0,221.99478149414062,15.095,25.446
58.950008392333984,36.04999923706055,2022-01-31,0,204.67254638671875,19.85,31.259
58.950008392333984,36.04999923706055,2022-02-01,0,204.67529296875,19.85,31.259
58.950008392333984,36.04999923706055,2022-02-02,0,204.67529296875,19.85,31.259
58.950008392333984,35.95000076293945,2022-01-31,0,121.2396240234375,12.684,22.508
58.950008392333984,35.95000076293945,2022-02-01,0,121.292724609375,12.684,22.508
58.950008392333984,35.95000076293945,2022-02-02,0,121.34490966796875,12.684,22.508
58.950008392333984,35.849998474121094,2022-01-31,0,136.90200805664062,18.067,28.836
58.950008392333984,35.849998474121094,2022-02-01,0,137.00592041015625,18.067,28.836
58.950008392333984,35.849998474121094,2022-02-02,0,137.10891723632812,18.067,28.836
59.04999923706055,37.04999923706055,2022-01-31,0,120.47103881835938,13.821,22.74
59.04999923706055,37.04999923706055,2022-02-01,0,120.9246826171875,13.821,22.74
59.04999923706055,37.04999923706055,2022-02-02,0,121.37374877929688,13.821,22.74
59.04999923706055,36.95000076293945,2022-01-31,0,131.802978515625,10.639,17.207
59.04999923706055,36.95000076293945,2022-02-01,0,132.34130859375,10.639,17.207
59.04999923706055,36.95000076293945,2022-02-02,0,132.872314453125,10.639,17.207
59.04999923706055,36.849998474121094,2022-01-31,0,151.28631591796875,18.09,29.385
59.04999923706055,36.849998474121094,2022-02-01,0,151.57241821289062,18.09,29.385
59.04999923706055,36.849998474121094,2022-02-02,0,151.85760498046875,18.09,29.385
59.04999923706055,36.75,2022-01-31,0,147.22412109375,16.91,28.175
59.04999923706055,36.75,2022-02-01,0,147.454833984375,16.91,28.175
59.04999923706055,36.75,2022-02-02,0,147.6763916015625,16.91,28.175
59.04999923706055,36.650001525878906,2022-01-31,0,127.55264282226562,19.258,30.41
59.04999923706055,36.650001525878906,2022-02-01,0,127.97882080078125,19.258,30.41
59.04999923706055,36.650001525878906,2022-02-02,0,128.375244140625,19.258,30.41
59.04999923706055,36.54999923706055,2022-01-31,0,118.68667602539062,17.464,27.768
59.04999923706055,36.54999923706055,2022-02-01,0,119.56329345703125,17.464,27.768
59.04999923706055,36.54999923706055,2022-02-02,0,120.37582397460938,17.464,27.768
59.04999923706055,36.45000076293945,2022-01-31,0,145.01632690429688,14.405,23.092
59.04999923706055,36.45000076293945,2022-02-01,0,146.45782470703125,14.405,23.092
59.04999923706055,36.45000076293945,2022-02-02,0,147.77664184570312,14.405,23.092
59.04999923706055,36.349998474121094,2022-01-31,0,148.47381591796875,17.492,28.506
59.04999923706055,36.349998474121094,2022-02-01,0,149.71572875976562,17.492,28.506
59.04999923706055,36.349998474121094,2022-02-02,0,150.8697509765625,17.492,28.506
59.04999923706055,36.25,2022-01-31,0,160.73776245117188,15.074,25.044
59.04999923706055,36.25,2022-02-01,0,161.2060546875,15.074,25.044
59.04999923706055,36.25,2022-02-02,0,161.6693115234375,15.074,25.044
59.04999923706055,36.150001525878906,2022-01-31,0,164.84115600585938,19.858,31.753
59.04999923706055,36.150001525878906,2022-02-01,0,164.970703125,19.858,31.753
59.04999923706055,36.150001525878906,2022-02-02,0,165.1007080078125,19.858,31.753
59.04999923706055,36.04999923706055,2022-01-31,0,202.04498291015625,16.308,27.279
59.04999923706055,36.04999923706055,2022-02-01,0,202.11502075195312,16.308,27.279
59.04999923706055,36.04999923706055,2022-02-02,0,202.18002319335938,16.308,27.279
59.04999923706055,35.95000076293945,2022-01-31,0,137.1844482421875,15.095,25.446
59.04999923706055,35.95000076293945,2022-02-01,0,137.24807739257812,15.095,25.446
59.04999923706055,35.95000076293945,2022-02-02,0,137.30758666992188,15.095,25.446
59.04999923706055,35.849998474121094,2022-01-31,0,143.726806640625,13.88,23.776
59.04999923706055,35.849998474121094,2022-02-01,0,143.8348388671875,13.88,23.776
59.04999923706055,35.849998474121094,2022-02-02,0,143.93692016601562,13.88,23.776
59.15000534057617,37.04999923706055,2022-01-31,0,124.573974609375,11.305,18.625
59.15000534057617,37.04999923706055,2022-02-01,0,124.96444702148438,11.305,18.625
59.15000534057617,37.04999923706055,2022-02-02,0,125.3411865234375,11.305,18.625
59.15000534057617,36.95000076293945,2022-01-31,0,146.30355834960938,18.131,30.658
59.15000534057617,36.95000076293945,2022-02-01,0,146.84829711914062,18.131,30.658
59.15000534057617,36.95000076293945,2022-02-02,0,147.39578247070312,18.131,30.658
59.15000534057617,36.849998474121094,2022-01-31,0,163.69537353515625,16.875,27.235
59.15000534057617,36.849998474121094,2022-02-01,0,163.98101806640625,16.875,27.235
59.15000534057617,36.849998474121094,2022-02-02,0,164.26666259765625,16.875,27.235
59.15000534057617,36.75,2022-01-31,0,162.381591796875,16.299,27.084
59.15000534057617,36.75,2022-02-01,0,162.46719360351562,16.299,27.084
59.15000534057617,36.75,2022-02-02,0,162.54959106445312,16.299,27.084
59.15000534057617,36.650001525878906,2022-01-31,0,137.02423095703125,15.095,25.446
59.15000534057617,36.650001525878906,2022-02-01,0,137.0965576171875,15.095,25.446
59.15000534057617,36.650001525878906,2022-02-02,0,137.16751098632812,15.095,25.446
59.15000534057617,36.54999923706055,2022-01-31,0,120.41656494140625,12.59,21.013
59.15000534057617,36.54999923706055,2022-02-01,0,120.802001953125,12.59,21.013
59.15000534057617,36.54999923706055,2022-02-02,0,121.1590576171875,12.59,21.013
59.15000534057617,36.45000076293945,2022-01-31,0,130.79818725585938,14.405,23.092
59.15000534057617,36.45000076293945,2022-02-01,0,131.68716430664062,14.405,23.092
59.15000534057617,36.45000076293945,2022-02-02,0,132.49465942382812,14.405,23.092
59.15000534057617,36.349998474121094,2022-01-31,0,157.28485107421875,15.703,26.369
59.15000534057617,36.349998474121094,2022-02-01,0,158.17611694335938,15.703,26.369
59.15000534057617,36.349998474121094,2022-02-02,0,158.99917602539062,15.703,26.369
59.15000534057617,36.25,2022-01-31,0,147.33489990234375,15.679,25.784
59.15000534057617,36.25,2022-02-01,0,148.24722290039062,15.679,25.784
59.15000534057617,36.25,2022-02-02,0,149.10690307617188,15.679,25.784
59.15000534057617,36.150001525878906,2022-01-31,0,149.67681884765625,19.854,31.425
59.15000534057617,36.150001525878906,2022-02-01,0,149.9029541015625,19.854,31.425
59.15000534057617,36.150001525878906,2022-02-02,0,150.12313842773438,19.854,31.425
59.15000534057617,36.04999923706055,2022-01-31,0,191.151123046875,15.095,25.446
59.15000534057617,36.04999923706055,2022-02-01,0,191.3983154296875,15.095,25.446
59.15000534057617,36.04999923706055,2022-02-02,0,191.63681030273438,15.095,25.446
59.15000534057617,35.95000076293945,2022-01-31,0,124.2333984375,13.238,22.402
59.15000534057617,35.95000076293945,2022-02-01,0,124.54055786132812,13.238,22.402
59.15000534057617,35.95000076293945,2022-02-02,0,124.8321533203125,13.238,22.402
59.15000534057617,35.849998474121094,2022-01-31,0,147.51617431640625,15.655,25.383
59.15000534057617,35.849998474121094,2022-02-01,0,147.60406494140625,15.655,25.383
59.15000534057617,35.849998474121094,2022-02-02,0,147.68646240234375,15.655,25.383
59.249996185302734,37.04999923706055,2022-01-31,0,127.906494140625,11.907,19.19
59.249996185302734,37.04999923706055,2022-02-01,0,128.28323364257812,11.907,19.19
59.249996185302734,37.04999923706055,2022-02-02,0,128.64990234375,11.907,19.19
59.249996185302734,36.95000076293945,2022-01-31,0,155.13839721679688,17.502,28.871
59.249996185302734,36.95000076293945,2022-02-01,0,155.61355590820312,17.502,28.871
59.249996185302734,36.95000076293945,2022-02-02,0,156.08779907226562,17.502,28.871
59.249996185302734,36.849998474121094,2022-01-31,0,180.41793823242188,16.287,26.705
59.249996185302734,36.849998474121094,2022-02-01,0,180.58135986328125,16.287,26.705
59.249996185302734,36.849998474121094,2022-02-02,0,180.75027465820312,16.287,26.705
59.249996185302734,36.75,2022-01-31,0,163.59466552734375,10.655,17.421
59.249996185302734,36.75,2022-02-01,0,163.66653442382812,10.655,17.421
59.249996185302734,36.75,2022-02-02,0,163.73794555664062,10.655,17.421
59.249996185302734,36.650001525878906,2022-01-31,0,138.15536499023438,16.326,27.669
59.249996185302734,36.650001525878906,2022-02-01,0,138.17642211914062,16.326,27.669
59.249996185302734,36.650001525878906,2022-02-02,0,138.19381713867188,16.326,27.669
59.249996185302734,36.54999923706055,2022-01-31,0,123.841552734375,16.252,25.936
59.249996185302734,36.54999923706055,2022-02-01,0,123.93722534179688,16.252,25.936
59.249996185302734,36.54999923706055,2022-02-02,0,124.02557373046875,16.252,25.936
59.249996185302734,36.45000076293945,2022-01-31,0,126.63665771484375,16.883,27.423
59.249996185302734,36.45000076293945,2022-02-01,0,126.97860717773438,16.883,27.423
59.249996185302734,36.45000076293945,2022-02-02,0,127.29354858398438,16.883,27.423
59.249996185302734,36.349998474121094,2022-01-31,0,167.20413208007812,16.282,26.697
59.249996185302734,36.349998474121094,2022-02-01,0,167.43850708007812,16.282,26.697
59.249996185302734,36.349998474121094,2022-02-02,0,167.6568603515625,16.282,26.697
59.249996185302734,36.25,2022-01-31,0,139.10842895507812,14.478,24.316
59.249996185302734,36.25,2022-02-01,0,139.62387084960938,14.478,24.316
59.249996185302734,36.25,2022-02-02,0,140.09719848632812,14.478,24.316
59.249996185302734,36.150001525878906,2022-01-31,0,127.27706909179688,18.084,29.204
59.249996185302734,36.150001525878906,2022-02-01,0,127.7490234375,18.084,29.204
59.249996185302734,36.150001525878906,2022-02-02,0,128.19717407226562,18.084,29.204
59.249996185302734,36.04999923706055,2022-01-31,0,119.04373168945312,16.334,27.866
59.249996185302734,36.04999923706055,2022-02-01,0,119.40261840820312,16.334,27.866
59.249996185302734,36.04999923706055,2022-02-02,0,119.74594116210938,16.334,27.866
59.249996185302734,35.95000076293945,2022-01-31,0,178.06961059570312,13.238,22.402
59.249996185302734,35.95000076293945,2022-02-01,0,178.28521728515625,13.238,22.402
59.249996185302734,35.95000076293945,2022-02-02,0,178.49166870117188,13.238,22.402
59.249996185302734,35.849998474121094,2022-01-31,0,151.44515991210938,14.527,25.337
59.249996185302734,35.849998474121094,2022-02-01,0,151.52069091796875,14.527,25.337
59.249996185302734,35.849998474121094,2022-02-02,0,151.5875244140625,14.527,25.337
59.35000228881836,37.04999923706055,2022-01-31,0,126.09283447265625,12.563,20.593
59.35000228881836,37.04999923706055,2022-02-01,0,126.39541625976562,12.563,20.593
59.35000228881836,37.04999923706055,2022-02-02,0,126.69113159179688,12.563,20.593
59.35000228881836,36.95000076293945,2022-01-31,0,148.30673217773438,15.703,26.369
59.35000228881836,36.95000076293945,2022-02-01,0,148.824462890625,15.703,26.369
59.35000228881836,36.95000076293945,2022-02-02,0,149.326171875,15.703,26.369
59.35000228881836,36.849998474121094,2022-01-31,0,162.39761352539062,12.006,20.679
59.35000228881836,36.849998474121094,2022-02-01,0,162.85079956054688,12.006,20.679
59.35000228881836,36.849998474121094,2022-02-02,0,163.297119140625,12.006,20.679
59.35000228881836,36.75,2022-01-31,0,154.68017578125,10.655,17.421
59.35000228881836,36.75,2022-02-01,0,154.82986450195312,10.655,17.421
59.35000228881836,36.75,2022-02-02,0,154.97406005859375,10.655,17.421
59.35000228881836,36.650001525878906,2022-01-31,0,134.96292114257812,15.703,26.369
59.35000228881836,36.650001525878906,2022-02-01,0,134.97024536132812,15.703,26.369
59.35000228881836,36.650001525878906,2022-02-02,0,134.97344970703125,15.703,26.369
59.35000228881836,36.54999923706055,2022-01-31,0,121.67266845703125,18.09,29.385
59.35000228881836,36.54999923706055,2022-02-01,0,121.70745849609375,18.09,29.385
59.35000228881836,36.54999923706055,2022-02-02,0,121.73721313476562,18.09,29.385
59.35000228881836,36.45000076293945,2022-01-31,0,129.59152221679688,16.875,27.235
59.35000228881836,36.45000076293945,2022-02-01,0,129.68536376953125,16.875,27.235
59.35000228881836,36.45000076293945,2022-02-02,0,129.76547241210938,16.875,27.235
59.35000228881836,36.349998474121094,2022-01-31,0,127.32696533203125,13.213,21.984
59.35000228881836,36.349998474121094,2022-02-01,0,127.66067504882812,13.213,21.984
59.35000228881836,36.349998474121094,2022-02-02,0,127.96463012695312,13.213,21.984
59.35000228881836,36.25,2022-01-31,0,127.84835815429688,15.079,25.052
59.35000228881836,36.25,2022-02-01,0,128.173828125,15.079,25.052
59.35000228881836,36.25,2022-02-02,0,128.47412109375,15.079,25.052
59.35000228881836,36.150001525878906,2022-01-31,0,119.86679077148438,18.097,29.567
59.35000228881836,36.150001525878906,2022-02-01,0,120.12908935546875,18.097,29.567
59.35000228881836,36.150001525878906,2022-02-02,0,120.37628173828125,18.097,29.567
59.35000228881836,36.04999923706055,2022-01-31,0,118.0572509765625,17.502,28.871
59.35000228881836,36.04999923706055,2022-02-01,0,118.33282470703125,17.502,28.871
59.35000228881836,36.04999923706055,2022-02-02,0,118.59512329101562,17.502,28.871
59.35000228881836,35.95000076293945,2022-01-31,0,187.25555419921875,18.659,29.538
59.35000228881836,35.95000076293945,2022-02-01,0,187.42767333984375,18.659,29.538
59.35000228881836,35.95000076293945,2022-02-02,0,187.59017944335938,18.659,29.538
59.35000228881836,35.849998474121094,2022-01-31,0,153.56185913085938,18.675,30.065
59.35000228881836,35.849998474121094,2022-02-01,0,153.61358642578125,18.675,30.065
59.35000228881836,35.849998474121094,2022-02-02,0,153.66668701171875,18.675,30.065
59.450008392333984,37.04999923706055,2022-01-31,0,125.53115844726562,10.034,16.642
59.450008392333984,37.04999923706055,2022-02-01,0,125.80307006835938,10.034,16.642
59.450008392333984,37.04999923706055,2022-02-02,0,126.06582641601562,10.034,16.642
59.450008392333984,36.95000076293945,2022-01-31,0,146.51046752929688,17.509,29.057
59.450008392333984,36.95000076293945,2022-02-01,0,146.98654174804688,17.509,29.057
59.450008392333984,36.95000076293945,2022-02-02,0,147.440185546875,17.509,29.057
59.450008392333984,36.849998474121094,2022-01-31,0,153.39797973632812,16.317,27.474
59.450008392333984,36.849998474121094,2022-02-01,0,153.9605712890625,16.317,27.474
59.450008392333984,36.849998474121094,2022-02-02,0,154.4970703125,16.317,27.474
59.450008392333984,36.75,2022-01-31,0,123.48403930664062,19.845,31.093
59.450008392333984,36.75,2022-02-01,0,123.86489868164062,19.845,31.093
59.450008392333984,36.75,2022-02-02,0,124.22332763671875,19.845,31.093
59.450008392333984,36.650001525878906,2022-01-31,0,117.51388549804688,18.663,29.545
59.450008392333984,36.650001525878906,2022-02-01,0,117.64984130859375,18.663,29.545
59.450008392333984,36.650001525878906,2022-02-02,0,117.77801513671875,18.663,29.545
59.450008392333984,36.54999923706055,2022-01-31,0,126.558837890625,16.317,27.474
59.450008392333984,36.54999923706055,2022-02-01,0,126.55929565429688,16.317,27.474
59.450008392333984,36.54999923706055,2022-02-02,0,126.55517578125,16.317,27.474
59.450008392333984,36.45000076293945,2022-01-31,0,122.20733642578125,18.668,29.72
59.450008392333984,36.45000076293945,2022-02-01,0,122.27005004882812,18.668,29.72
59.450008392333984,36.45000076293945,2022-02-02,0,122.3236083984375,18.668,29.72
59.450008392333984,36.349998474121094,2022-01-31,0,110.1544189453125,16.261,26.128
59.450008392333984,36.349998474121094,2022-02-01,0,110.3173828125,16.261,26.128
59.450008392333984,36.349998474121094,2022-02-02,0,110.46615600585938,16.261,26.128
59.450008392333984,36.25,2022-01-31,0,141.42196655273438,15.079,25.052
59.450008392333984,36.25,2022-02-01,0,141.50344848632812,15.079,25.052
59.450008392333984,36.25,2022-02-02,0,141.58401489257812,15.079,25.052
59.450008392333984,36.150001525878906,2022-01-31,0,141.40731811523438,16.902,27.984
59.450008392333984,36.150001525878906,2022-02-01,0,141.45950317382812,16.902,27.984
59.450008392333984,36.150001525878906,2022-02-02,0,141.51031494140625,16.902,27.984
59.450008392333984,36.04999923706055,2022-01-31,0,144.84329223632812,16.326,27.669
59.450008392333984,36.04999923706055,2022-02-01,0,144.9224853515625,16.326,27.669
59.450008392333984,36.04999923706055,2022-02-02,0,144.99893188476562,16.326,27.669
59.450008392333984,35.95000076293945,2022-01-31,0,175.21133422851562,17.488,28.499
59.450008392333984,35.95000076293945,2022-02-01,0,175.30746459960938,17.488,28.499
59.450008392333984,35.95000076293945,2022-02-02,0,175.400390625,17.488,28.499
59.450008392333984,35.849998474121094,2022-01-31,0,154.91134643554688,19.258,30.41
59.450008392333984,35.849998474121094,2022-02-01,0,154.95254516601562,19.258,30.41
59.450008392333984,35.849998474121094,2022-02-02,0,154.9896240234375,19.258,30.41
59.54999923706055,37.04999923706055,2022-01-31,0,121.3201904296875,10.034,16.642
59.54999923706055,37.04999923706055,2022-02-01,0,121.57424926757812,10.034,16.642
59.54999923706055,37.04999923706055,2022-02-02,0,121.820068359375,10.034,16.642
59.54999923706055,36.95000076293945,2022-01-31,0,145.01220703125,17.485,28.321
59.54999923706055,36.95000076293945,2022-02-01,0,145.40313720703125,17.485,28.321
59.54999923706055,36.95000076293945,2022-02-02,0,145.77438354492188,17.485,28.321
59.54999923706055,36.849998474121094,2022-01-31,0,149.6722412109375,15.741,27.167
59.54999923706055,36.849998474121094,2022-02-01,0,150.150146484375,15.741,27.167
59.54999923706055,36.849998474121094,2022-02-02,0,150.5987548828125,15.741,27.167
59.54999923706055,36.75,2022-01-31,0,123.5980224609375,19.263,30.581
59.54999923706055,36.75,2022-02-01,0,123.94729614257812,19.263,30.581
59.54999923706055,36.75,2022-02-02,0,124.27780151367188,19.263,30.581
59.54999923706055,36.650001525878906,2022-01-31,0,121.49551391601562,17.464,27.768
59.54999923706055,36.650001525878906,2022-02-01,0,121.61544799804688,17.464,27.768
59.54999923706055,36.650001525878906,2022-02-02,0,121.73080444335938,17.464,27.768
59.54999923706055,36.54999923706055,2022-01-31,0,138.5302734375,13.786,22.127
59.54999923706055,36.54999923706055,2022-02-01,0,138.519287109375,13.786,22.127
59.54999923706055,36.54999923706055,2022-02-02,0,138.50784301757812,13.786,22.127
59.54999923706055,36.45000076293945,2022-01-31,0,120.21240234375,15.689,25.981
59.54999923706055,36.45000076293945,2022-02-01,0,120.230712890625,15.689,25.981
59.54999923706055,36.45000076293945,2022-02-02,0,120.2435302734375,15.689,25.981
59.54999923706055,36.349998474121094,2022-01-31,0,108.16864013671875,15.033,24.245
59.54999923706055,36.349998474121094,2022-02-01,0,108.18832397460938,15.033,24.245
59.54999923706055,36.349998474121094,2022-02-02,0,108.20022583007812,15.033,24.245
59.54999923706055,36.25,2022-01-31,0,128.0767822265625,19.268,30.918
59.54999923706055,36.25,2022-02-01,0,128.10836791992188,19.268,30.918
59.54999923706055,36.25,2022-02-02,0,128.13858032226562,19.268,30.918
59.54999923706055,36.150001525878906,2022-01-31,0,142.66159057617188,17.509,29.057
59.54999923706055,36.150001525878906,2022-02-01,0,142.65426635742188,17.509,29.057
59.54999923706055,36.150001525878906,2022-02-02,0,142.65151977539062,17.509,29.057
59.54999923706055,36.04999923706055,2022-01-31,0,156.04110717773438,11.992,20.464
59.54999923706055,36.04999923706055,2022-02-01,0,156.04568481445312,11.992,20.464
59.54999923706055,36.04999923706055,2022-02-02,0,156.04248046875,11.992,20.464
59.54999923706055,35.95000076293945,2022-01-31,0,156.3958740234375,14.439,23.697
59.54999923706055,35.95000076293945,2022-02-01,0,156.41510009765625,14.439,23.697
59.54999923706055,35.95000076293945,2022-02-02,0,156.42654418945312,14.439,23.697
59.54999923706055,35.849998474121094,2022-01-31,0,154.705810546875,14.472,24.307
59.54999923706055,35.849998474121094,2022-02-01,0,154.7332763671875,14.472,24.307
59.54999923706055,35.849998474121094,2022-02-02,0,154.75799560546875,14.472,24.307
59.65000534057617,37.04999923706055,2022-01-31,0,109.10614013671875,18.109,29.931
59.65000534057617,37.04999923706055,2022-02-01,0,109.35516357421875,18.109,29.931
59.65000534057617,37.04999923706055,2022-02-02,0,109.58770751953125,18.109,29.931
59.65000534057617,36.95000076293945,2022-01-31,0,141.75384521484375,16.878,27.415
59.65000534057617,36.95000076293945,2022-02-01,0,142.13653564453125,16.878,27.415
59.65000534057617,36.95000076293945,2022-02-02,0,142.49588012695312,16.878,27.415
59.65000534057617,36.849998474121094,2022-01-31,0,142.03445434570312,15.084,25.245
59.65000534057617,36.849998474121094,2022-02-01,0,142.42446899414062,15.084,25.245
59.65000534057617,36.849998474121094,2022-02-02,0,142.79159545898438,15.084,25.245
59.65000534057617,36.75,2022-01-31,0,120.845947265625,15.095,25.446
59.65000534057617,36.75,2022-02-01,0,121.13616943359375,15.095,25.446
59.65000534057617,36.75,2022-02-02,0,121.4080810546875,15.095,25.446
59.65000534057617,36.650001525878906,2022-01-31,0,121.57241821289062,12.59,21.013
59.65000534057617,36.650001525878906,2022-02-01,0,121.67999267578125,12.59,21.013
59.65000534057617,36.650001525878906,2022-02-02,0,121.78298950195312,12.59,21.013
59.65000534057617,36.54999923706055,2022-01-31,0,138.95599365234375,13.786,22.127
59.65000534057617,36.54999923706055,2022-02-01,0,138.93997192382812,13.786,22.127
59.65000534057617,36.54999923706055,2022-02-02,0,138.92669677734375,13.786,22.127
59.65000534057617,36.45000076293945,2022-01-31,0,134.50927734375,16.91,28.175
59.65000534057617,36.45000076293945,2022-02-01,0,134.49234008789062,16.91,28.175
59.65000534057617,36.45000076293945,2022-02-02,0,134.47494506835938,16.91,28.175
59.65000534057617,36.349998474121094,2022-01-31,0,132.7880859375,15.642,25.002
59.65000534057617,36.349998474121094,2022-02-01,0,132.77297973632812,15.642,25.002
59.65000534057617,36.349998474121094,2022-02-02,0,132.75009155273438,15.642,25.002
59.65000534057617,36.25,2022-01-31,0,114.88815307617188,18.077,29.024
59.65000534057617,36.25,2022-02-01,0,114.91104125976562,18.077,29.024
59.65000534057617,36.25,2022-02-02,0,114.9298095703125,18.077,29.024
59.65000534057617,36.150001525878906,2022-01-31,0,115.65536499023438,16.326,27.669
59.65000534057617,36.150001525878906,2022-02-01,0,115.6640625,16.326,27.669
59.65000534057617,36.150001525878906,2022-02-02,0,115.6695556640625,16.326,27.669
59.65000534057617,36.04999923706055,2022-01-31,0,151.14532470703125,12.63,21.65
59.65000534057617,36.04999923706055,2022-02-01,0,151.13250732421875,12.63,21.65
59.65000534057617,36.04999923706055,2022-02-02,0,151.12014770507812,12.63,21.65
59.65000534057617,35.95000076293945,2022-01-31,0,152.40280151367188,15.674,25.776
59.65000534057617,35.95000076293945,2022-02-01,0,152.40325927734375,15.674,25.776
59.65000534057617,35.95000076293945,2022-02-02,0,152.40509033203125,15.674,25.776
59.65000534057617,35.849998474121094,2022-01-31,0,151.47216796875,13.301,23.461
59.65000534057617,35.849998474121094,2022-02-01,0,151.48269653320312,13.301,23.461
59.65000534057617,35.849998474121094,2022-02-02,0,151.49139404296875,13.301,23.461
59.749996185302734,37.04999923706055,2022-01-31,0,107.13775634765625,16.295,26.898
59.749996185302734,37.04999923706055,2022-02-01,0,107.31536865234375,16.295,26.898
59.749996185302734,37.04999923706055,2022-02-02,0,107.48611450195312,16.295,26.898
59.749996185302734,36.95000076293945,2022-01-31,0,156.27410888671875,16.883,27.423
59.749996185302734,36.95000076293945,2022-02-01,0,156.44760131835938,16.883,27.423
59.749996185302734,36.95000076293945,2022-02-02,0,156.61514282226562,16.883,27.423
59.749996185302734,36.849998474121094,2022-01-31,0,132.08084106445312,10.017,16.427
59.749996185302734,36.849998474121094,2022-02-01,0,132.41134643554688,10.017,16.427
59.749996185302734,36.849998474121094,2022-02-02,0,132.73178100585938,10.017,16.427
59.749996185302734,36.75,2022-01-31,0,115.36834716796875,18.105,29.924
59.749996185302734,36.75,2022-02-01,0,115.6036376953125,18.105,29.924
59.749996185302734,36.75,2022-02-02,0,115.8306884765625,18.105,29.924
59.749996185302734,36.650001525878906,2022-01-31,0,121.93313598632812,16.252,25.936
59.749996185302734,36.650001525878906,2022-02-01,0,122.02789306640625,16.252,25.936
59.749996185302734,36.650001525878906,2022-02-02,0,122.11898803710938,16.252,25.936
59.749996185302734,36.54999923706055,2022-01-31,0,140.53024291992188,16.891,27.612
59.749996185302734,36.54999923706055,2022-02-01,0,140.518798828125,16.891,27.612
59.749996185302734,36.54999923706055,2022-02-02,0,140.50735473632812,16.891,27.612
59.749996185302734,36.45000076293945,2022-01-31,0,138.10226440429688,14.45,23.899
59.749996185302734,36.45000076293945,2022-02-01,0,138.08486938476562,14.45,23.899
59.749996185302734,36.45000076293945,2022-02-02,0,138.06610107421875,14.45,23.899
59.749996185302734,36.349998474121094,2022-01-31,0,135.24444580078125,13.833,22.946
59.749996185302734,36.349998474121094,2022-02-01,0,135.2215576171875,13.833,22.946
59.749996185302734,36.349998474121094,2022-02-02,0,135.19638061523438,13.833,22.946
59.749996185302734,36.25,2022-01-31,0,123.12698364257812,18.09,29.385
59.749996185302734,36.25,2022-02-01,0,123.11004638671875,18.09,29.385
59.749996185302734,36.25,2022-02-02,0,123.09036254882812,18.09,29.385
59.749996185302734,36.150001525878906,2022-01-31,0,111.05255126953125,16.313,27.287
59.749996185302734,36.150001525878906,2022-02-01,0,111.05484008789062,16.313,27.287
59.749996185302734,36.150001525878906,2022-02-02,0,111.05438232421875,16.313,27.287
59.749996185302734,36.04999923706055,2022-01-31,0,140.98617553710938,12.63,21.65
59.749996185302734,36.04999923706055,2022-02-01,0,140.96282958984375,12.63,21.65
59.749996185302734,36.04999923706055,2022-02-02,0,140.93902587890625,12.63,21.65
59.749996185302734,35.95000076293945,2022-01-31,0,141.7291259765625,18.68,30.072
59.749996185302734,35.95000076293945,2022-02-01,0,141.71722412109375,18.68,30.072
59.749996185302734,35.95000076293945,2022-02-02,0,141.69525146484375,18.68,30.072
59.749996185302734,35.849998474121094,2022-01-31,0,146.18453979492188,15.693,26.171
59.749996185302734,35.849998474121094,2022-02-01,0,146.18408203125,15.693,26.171
59.749996185302734,35.849998474121094,2022-02-02,0,146.17721557617188,15.693,26.171
59.85000228881836,37.04999923706055,2022-01-31,0,133.19366455078125,15.09,25.253
59.85000228881836,37.04999923706055,2022-02-01,0,133.23486328125,15.09,25.253
59.85000228881836,37.04999923706055,2022-02-02,0,133.27651977539062,15.09,25.253
59.85000228881836,36.95000076293945,2022-01-31,0,155.61721801757812,12.657,22.078
59.85000228881836,36.95000076293945,2022-02-01,0,155.70144653320312,12.657,22.078
59.85000228881836,36.95000076293945,2022-02-02,0,155.78475952148438,12.657,22.078
59.85000228881836,36.849998474121094,2022-01-31,0,146.30813598632812,10.017,16.427
59.85000228881836,36.849998474121094,2022-02-01,0,146.47979736328125,10.017,16.427
59.85000228881836,36.849998474121094,2022-02-02,0,146.64688110351562,10.017,16.427
59.85000228881836,36.75,2022-01-31,0,132.35458374023438,18.084,29.204
59.85000228881836,36.75,2022-02-01,0,132.4676513671875,18.084,29.204
59.85000228881836,36.75,2022-02-02,0,132.57339477539062,18.084,29.204
59.85000228881836,36.650001525878906,2022-01-31,0,121.35589599609375,18.09,29.385
59.85000228881836,36.650001525878906,2022-02-01,0,121.43234252929688,18.09,29.385
59.85000228881836,36.650001525878906,2022-02-02,0,121.50604248046875,18.09,29.385
59.85000228881836,36.54999923706055,2022-01-31,0,140.60348510742188,18.071,28.844
59.85000228881836,36.54999923706055,2022-02-01,0,140.58746337890625,18.071,28.844
59.85000228881836,36.54999923706055,2022-02-02,0,140.57464599609375,18.071,28.844
59.85000228881836,36.45000076293945,2022-01-31,0,139.05899047851562,14.45,23.899
59.85000228881836,36.45000076293945,2022-02-01,0,139.04617309570312,14.45,23.899
59.85000228881836,36.45000076293945,2022-02-02,0,139.02236938476562,14.45,23.899
59.85000228881836,36.349998474121094,2022-01-31,0,134.45709228515625,13.869,23.567
59.85000228881836,36.349998474121094,2022-02-01,0,134.4305419921875,13.869,23.567
59.85000228881836,36.349998474121094,2022-02-02,0,134.40536499023438,13.869,23.567
59.85000228881836,36.25,2022-01-31,0,131.40060424804688,17.492,28.506
59.85000228881836,36.25,2022-02-01,0,131.3763427734375,17.492,28.506
59.85000228881836,36.25,2022-02-02,0,131.3507080078125,17.492,28.506
59.85000228881836,36.150001525878906,2022-01-31,0,121.27944946289062,14.428,23.494
59.85000228881836,36.150001525878906,2022-02-01,0,121.25885009765625,14.428,23.494
59.85000228881836,36.150001525878906,2022-02-02,0,121.23550415039062,14.428,23.494
59.85000228881836,36.04999923706055,2022-01-31,0,132.16552734375,17.473,28.129
59.85000228881836,36.04999923706055,2022-02-01,0,132.139892578125,17.473,28.129
59.85000228881836,36.04999923706055,2022-02-02,0,132.11196899414062,17.473,28.129
59.85000228881836,35.95000076293945,2022-01-31,0,135.60928344726562,18.077,29.024
59.85000228881836,35.95000076293945,2022-02-01,0,135.58456420898438,18.077,29.024
59.85000228881836,35.95000076293945,2022-02-02,0,135.56304931640625,18.077,29.024
59.85000228881836,35.849998474121094,2022-01-31,0,141.4178466796875,15.712,26.567
59.85000228881836,35.849998474121094,2022-02-01,0,141.405029296875,15.712,26.567
59.85000228881836,35.849998474121094,2022-02-02,0,141.39633178710938,15.712,26.567
59.950008392333984,37.04999923706055,2022-01-31,0,138.3197021484375,15.09,25.253
59.950008392333984,37.04999923706055,2022-02-01,0,138.30734252929688,15.09,25.253
59.950008392333984,37.04999923706055,2022-02-02,0,138.30001831054688,15.09,25.253
59.950008392333984,36.95000076293945,2022-01-31,0,153.05099487304688,15.741,27.167
59.950008392333984,36.95000076293945,2022-02-01,0,153.0670166015625,15.741,27.167
59.950008392333984,36.95000076293945,2022-02-02,0,153.07891845703125,15.741,27.167
59.950008392333984,36.849998474121094,2022-01-31,0,159.19601440429688,18.674,29.896
59.950008392333984,36.849998474121094,2022-02-01,0,159.22073364257812,18.674,29.896
59.950008392333984,36.849998474121094,2022-02-02,0,159.24636840820312,18.674,29.896
59.950008392333984,36.75,2022-01-31,0,149.55322265625,17.471,27.952
59.950008392333984,36.75,2022-02-01,0,149.556884765625,17.471,27.952
59.950008392333984,36.75,2022-02-02,0,149.549560546875,17.471,27.952
59.950008392333984,36.650001525878906,2022-01-31,0,148.44039916992188,16.317,27.474
59.950008392333984,36.650001525878906,2022-02-01,0,148.42941284179688,16.317,27.474
59.950008392333984,36.650001525878906,2022-02-02,0,148.42529296875,16.317,27.474
59.950008392333984,36.54999923706055,2022-01-31,0,140.90011596679688,17.478,28.136
59.950008392333984,36.54999923706055,2022-02-01,0,140.88226318359375,17.478,28.136
59.950008392333984,36.54999923706055,2022-02-02,0,140.86395263671875,17.478,28.136
59.950008392333984,36.45000076293945,2022-01-31,0,136.94503784179688,15.66,25.392
59.950008392333984,36.45000076293945,2022-02-01,0,136.92169189453125,15.66,25.392
59.950008392333984,36.45000076293945,2022-02-02,0,136.89651489257812,15.66,25.392
59.950008392333984,36.349998474121094,2022-01-31,0,133.9453125,13.869,23.567
59.950008392333984,36.349998474121094,2022-02-01,0,133.92059326171875,13.869,23.567
59.950008392333984,36.349998474121094,2022-02-02,0,133.8922119140625,13.869,23.567
59.950008392333984,36.25,2022-01-31,0,129.79660034179688,16.899,27.802
59.950008392333984,36.25,2022-02-01,0,129.7723388671875,16.899,27.802
59.950008392333984,36.25,2022-02-02,0,129.7467041015625,16.899,27.802
59.950008392333984,36.150001525878906,2022-01-31,0,127.3809814453125,11.964,20.036
59.950008392333984,36.150001525878906,2022-02-01,0,127.357177734375,11.964,20.036
59.950008392333984,36.150001525878906,2022-02-02,0,127.33291625976562,11.964,20.036
59.950008392333984,36.04999923706055,2022-01-31,0,124.3359375,16.308,27.279
59.950008392333984,36.04999923706055,2022-02-01,0,124.31442260742188,16.308,27.279
59.950008392333984,36.04999923706055,2022-02-02,0,124.29153442382812,16.308,27.279
59.950008392333984,35.95000076293945,2022-01-31,0,132.55783081054688,13.904,24.194
59.950008392333984,35.95000076293945,2022-02-01,0,132.53585815429688,13.904,24.194
59.950008392333984,35.95000076293945,2022-02-02,0,132.513427734375,13.904,24.194
59.950008392333984,35.849998474121094,2022-01-31,0,138.71841430664062,13.869,23.567
59.950008392333984,35.849998474121094,2022-02-01,0,138.7042236328125,13.869,23.567
59.950008392333984,35.849998474121094,2022-02-02,0,138.68499755859375,13.869,23.567
60.04999923706055,37.04999923706055,2022-01-31,0,128.90487670898438,14.505,24.923
60.04999923706055,37.04999923706055,2022-02-01,0,128.88702392578125,14.505,24.923
60.04999923706055,37.04999923706055,2022-02-02,0,128.87191772460938,14.505,24.923
60.04999923706055,36.95000076293945,2022-01-31,0,137.48382568359375,15.136,26.258
60.04999923706055,36.95000076293945,2022-02-01,0,137.46963500976562,15.136,26.258
60.04999923706055,36.95000076293945,2022-02-02,0,137.45086669921875,15.136,26.258
60.04999923706055,36.849998474121094,2022-01-31,0,143.70346069335938,19.263,30.581
60.04999923706055,36.849998474121094,2022-02-01,0,143.6993408203125,19.263,30.581
60.04999923706055,36.849998474121094,2022-02-02,0,143.690185546875,19.263,30.581
60.04999923706055,36.75,2022-01-31,0,139.57626342773438,16.252,25.936
60.04999923706055,36.75,2022-02-01,0,139.56390380859375,16.252,25.936
60.04999923706055,36.75,2022-02-02,0,139.55154418945312,16.252,25.936
60.04999923706055,36.650001525878906,2022-01-31,0,142.85064697265625,13.786,22.127
60.04999923706055,36.650001525878906,2022-02-01,0,142.83737182617188,13.786,22.127
60.04999923706055,36.650001525878906,2022-02-02,0,142.82684326171875,13.786,22.127
60.04999923706055,36.54999923706055,2022-01-31,0,140.66162109375,14.461,24.103
60.04999923706055,36.54999923706055,2022-02-01,0,140.64102172851562,14.461,24.103
60.04999923706055,36.54999923706055,2022-02-02,0,140.62225341796875,14.461,24.103
60.04999923706055,36.45000076293945,2022-01-31,0,136.56875610351562,13.815,22.545
60.04999923706055,36.45000076293945,2022-02-01,0,136.54495239257812,13.815,22.545
60.04999923706055,36.45000076293945,2022-02-02,0,136.5216064453125,13.815,22.545
60.04999923706055,36.349998474121094,2022-01-31,0,134.176025390625,18.68,30.072
60.04999923706055,36.349998474121094,2022-02-01,0,134.15130615234375,18.68,30.072
60.04999923706055,36.349998474121094,2022-02-02,0,134.1229248046875,18.68,30.072
60.04999923706055,36.25,2022-01-31,0,130.41183471679688,16.926,28.558
60.04999923706055,36.25,2022-02-01,0,130.3875732421875,16.926,28.558
60.04999923706055,36.25,2022-02-02,0,130.3619384765625,16.926,28.558
60.04999923706055,36.150001525878906,2022-01-31,0,127.47344970703125,13.892,23.985
60.04999923706055,36.150001525878906,2022-02-01,0,127.45101928710938,13.892,23.985
60.04999923706055,36.150001525878906,2022-02-02,0,127.42584228515625,13.892,23.985
60.04999923706055,36.04999923706055,2022-01-31,0,124.27001953125,15.665,25.579
60.04999923706055,36.04999923706055,2022-02-01,0,124.24850463867188,15.665,25.579
60.04999923706055,36.04999923706055,2022-02-02,0,124.22561645507812,15.665,25.579
60.04999923706055,35.95000076293945,2022-01-31,0,131.79290771484375,15.095,25.446
60.04999923706055,35.95000076293945,2022-02-01,0,131.77047729492188,15.095,25.446
60.04999923706055,35.95000076293945,2022-02-02,0,131.7462158203125,15.095,25.446
60.04999923706055,35.849998474121094,2022-01-31,0,138.55819702148438,13.869,23.567
60.04999923706055,35.849998474121094,2022-02-01,0,138.54217529296875,13.869,23.567
60.04999923706055,35.849998474121094,2022-02-02,0,138.52523803710938,13.869,23.567
