x,y,time,spatial_ref,volumetric_soil_water_layer_3,wp_list_100cm,fc_list_100cm,mo
58.35000228881836,37.04999923706055,2022-01-31,0,116.84234619140625,18.097,29.567,0.0
58.35000228881836,37.04999923706055,2022-02-01,0,117.27081298828125,18.097,29.567,-0.5590902686015151
58.35000228881836,37.04999923706055,2022-02-02,0,117.711181640625,18.097,29.567,-0.5553547254727008
58.35000228881836,36.95000076293945,2022-01-31,0,138.204345703125,14.461,24.103,0.0
58.35000228881836,36.95000076293945,2022-02-01,0,138.69186401367188,14.461,24.103,-0.06643491284873483
58.35000228881836,36.95000076293945,2022-02-02,0,139.19174194335938,14.461,24.103,-0.06137871796648141
58.35000228881836,36.849998474121094,2022-01-31,0,138.145751953125,15.074,25.044,0.0
58.35000228881836,36.849998474121094,2022-02-01,0,138.7921142578125,15.074,25.044,-0.12632144480315927
58.35000228881836,36.849998474121094,2022-02-02,0,139.44488525390625,15.074,25.044,-0.11983837253949327
58.35000228881836,36.75,2022-01-31,0,133.29071044921875,16.91,28.175,0.0
58.35000228881836,36.75,2022-02-01,0,134.22409057617188,16.91,28.175,-0.31788095473396577
58.35000228881836,36.75,2022-02-02,0,135.1318359375,16.91,28.175,-0.30959529004729797
58.35000228881836,36.650001525878906,2022-01-31,0,128.57757568359375,14.45,23.899,0.0
58.35000228881836,36.650001525878906,2022-02-01,0,129.49676513671875,14.45,23.899,-0.16850909425765953
58.35000228881836,36.650001525878906,2022-02-02,0,130.36605834960938,14.45,23.899,-0.15878119233020688
58.35000228881836,36.54999923706055,2022-01-31,0,122.5341796875,13.786,22.127,0.0
58.35000228881836,36.54999923706055,2022-02-01,0,123.26705932617188,13.786,22.127,-0.18374080221196482
58.35000228881836,36.54999923706055,2022-02-02,0,123.95782470703125,13.786,22.127,-0.17495433010224326
58.35000228881836,36.45000076293945,2022-01-31,0,123.56369018554688,17.517,29.244,0.0
58.35000228881836,36.45000076293945,2022-02-01,0,123.98117065429688,17.517,29.244,-0.44006403866677846
58.35000228881836,36.45000076293945,2022-02-02,0,124.3780517578125,17.517,29.244,-0.4365040449023886
58.35000228881836,36.349998474121094,2022-01-31,0,152.6312255859375,15.048,24.453,0.0
58.35000228881836,36.349998474121094,2022-02-01,0,152.666015625,15.048,24.453,0.022873211971690698
58.35000228881836,36.349998474121094,2022-02-02,0,152.70034790039062,15.048,24.453,0.023243122009569486
58.35000228881836,36.25,2022-01-31,0,191.9769287109375,17.492,28.506,0.0
58.35000228881836,36.25,2022-02-01,0,192.0538330078125,17.492,28.506,0.1548658862442118
58.35000228881836,36.25,2022-02-02,0,192.12295532226562,17.492,28.506,0.15556412754505616
58.35000228881836,36.150001525878906,2022-01-31,0,112.72064208984375,16.918,28.366,0.0
58.35000228881836,36.150001525878906,2022-02-01,0,112.730712890625,16.918,28.366,-0.4931809740579686
58.35000228881836,36.150001525878906,2022-02-02,0,112.72476196289062,16.918,28.366,-0.4930930041000611
58.35000228881836,36.04999923706055,2022-01-31,0,113.88839721679688,13.845,23.152,0.0
58.35000228881836,36.04999923706055,2022-02-01,0,113.88427734375,13.845,23.152,-0.2639046178489647
58.35000228881836,36.04999923706055,2022-02-02,0,113.88427734375,13.845,23.152,-0.2639488842403569
58.35000228881836,35.95000076293945,2022-01-31,0,126.23291015625,17.485,28.321,0.0
58.35000228881836,35.95000076293945,2022-02-01,0,126.23291015625,17.485,28.321,-0.44866269697074546
58.35000228881836,35.95000076293945,2022-02-02,0,126.23291015625,17.485,28.321,-0.44866269697074546
58.35000228881836,35.849998474121094,2022-01-31,0,134.388427734375,15.703,26.369,0.0
58.35000228881836,35.849998474121094,2022-02-01,0,134.39849853515625,15.703,26.369,-0.21227800736569474
58.35000228881836,35.849998474121094,2022-02-02,0,134.40673828125,15.703,26.369,-0.21218358770714188
58.450008392333984,37.04999923706055,2022-01-31,0,121.754150390625,15.698,26.179,0.0
58.450008392333984,37.04999923706055,2022-02-01,0,122.3419189453125,15.698,26.179,-0.3360924492832271
58.450008392333984,37.04999923706055,2022-02-02,0,122.93289184570312,15.698,26.179,-0.3304845058170741
58.450008392333984,36.95000076293945,2022-01-31,0,126.485595703125,13.857,23.359,0.0
58.450008392333984,36.95000076293945,2022-02-01,0,127.020263671875,13.857,23.359,-0.12717748154993674
58.450008392333984,36.95000076293945,2022-02-02,0,127.56683349609375,13.857,23.359,-0.12155058227873067
58.450008392333984,36.849998474121094,2022-01-31,0,128.14315795898438,10.655,17.421,0.0
58.450008392333984,36.849998474121094,2022-02-01,0,128.82110595703125,10.655,17.421,0.3191421513299494
58.450008392333984,36.849998474121094,2022-02-02,0,129.49905395507812,10.655,17.421,0.3291620744462201
58.450008392333984,36.75,2022-01-31,0,134.03457641601562,15.731,26.967,0.0
58.450008392333984,36.75,2022-02-01,0,135.047607421875,15.731,26.967,-0.20715044129569585
58.450008392333984,36.75,2022-02-02,0,136.036376953125,15.731,26.967,-0.19813450140730696
58.450008392333984,36.650001525878906,2022-01-31,0,134.30099487304688,18.077,29.024,0.0
58.450008392333984,36.650001525878906,2022-02-01,0,135.3607177734375,18.077,29.024,-0.4244907748876691
58.450008392333984,36.650001525878906,2022-02-02,0,136.37191772460938,18.077,29.024,-0.414810287992715
58.450008392333984,36.54999923706055,2022-01-31,0,129.41757202148438,19.248,30.069,0.0
58.450008392333984,36.54999923706055,2022-02-01,0,130.32669067382812,19.248,30.069,-0.5827781903568585
58.450008392333984,36.54999923706055,2022-02-02,0,131.18865966796875,19.248,30.069,-0.5743767611696877
58.450008392333984,36.45000076293945,2022-01-31,0,123.67263793945312,15.674,25.776,0.0
58.450008392333984,36.45000076293945,2022-02-01,0,124.40093994140625,15.674,25.776,-0.32733480558846617
58.450008392333984,36.45000076293945,2022-02-02,0,125.0848388671875,15.674,25.776,-0.32012532229849266
58.450008392333984,36.349998474121094,2022-01-31,0,128.06900024414062,13.845,23.152,0.0
58.450008392333984,36.349998474121094,2022-02-01,0,128.55606079101562,13.845,23.152,-0.11153969867690333
58.450008392333984,36.349998474121094,2022-02-02,0,129.00924682617188,13.845,23.152,-0.10630642751675505
58.450008392333984,36.25,2022-01-31,0,209.95376586914062,19.258,30.41,0.0
58.450008392333984,36.25,2022-02-01,0,209.96658325195312,19.258,30.41,0.1557905834750773
58.450008392333984,36.25,2022-02-02,0,209.97894287109375,19.258,30.41,0.15590551696514635
58.450008392333984,36.150001525878906,2022-01-31,0,172.22946166992188,15.095,25.446,0.0
58.450008392333984,36.150001525878906,2022-02-01,0,172.2857666015625,15.095,25.446,0.2055788007914393
58.450008392333984,36.150001525878906,2022-02-02,0,172.33978271484375,15.095,25.446,0.2061227572366197
58.450008392333984,36.04999923706055,2022-01-31,0,114.9609375,13.845,23.152,0.0
58.450008392333984,36.04999923706055,2022-02-01,0,114.95315551757812,13.845,23.152,-0.25238060062318707
58.450008392333984,36.04999923706055,2022-02-02,0,114.949951171875,13.845,23.152,-0.25246421491803905
58.450008392333984,35.95000076293945,2022-01-31,0,125.0042724609375,19.263,30.581,0.0
58.450008392333984,35.95000076293945,2022-02-01,0,125.013427734375,19.263,30.581,-0.5975059863850731
58.450008392333984,35.95000076293945,2022-02-02,0,125.01617431640625,19.263,30.581,-0.5974250951195005
58.450008392333984,35.849998474121094,2022-01-31,0,136.27761840820312,14.516,25.13,0.0
58.450008392333984,35.849998474121094,2022-02-01,0,136.30096435546875,14.516,25.13,-0.0836855247013087
58.450008392333984,35.849998474121094,2022-02-02,0,136.32568359375,14.516,25.13,-0.0834655704214366
58.54999923706055,37.04999923706055,2022-01-31,0,121.24282836914062,14.483,24.512,0.0
58.54999923706055,37.04999923706055,2022-02-01,0,121.80038452148438,14.483,24.512,-0.23518966627639235
58.54999923706055,37.04999923706055,2022-02-02,0,122.354736328125,14.483,24.512,-0.22963022712648956
58.54999923706055,36.95000076293945,2022-01-31,0,120.45089721679688,14.461,24.103,0.0
58.54999923706055,36.95000076293945,2022-02-01,0,120.9393310546875,14.461,24.103,-0.2505611157768423
58.54999923706055,36.95000076293945,2022-02-02,0,121.43234252929688,14.461,24.103,-0.24549542569293206
58.54999923706055,36.849998474121094,2022-01-31,0,122.12860107421875,10.655,17.421,0.0
58.54999923706055,36.849998474121094,2022-02-01,0,122.74337768554688,10.655,17.421,0.23024831620187333
58.54999923706055,36.849998474121094,2022-02-02,0,123.35952758789062,10.655,17.421,0.2393345800405982
58.54999923706055,36.75,2022-01-31,0,130.74691772460938,19.263,30.581,0.0
58.54999923706055,36.75,2022-02-01,0,131.7169189453125,19.263,30.581,-0.5467669400546977
58.54999923706055,36.75,2022-02-02,0,132.66860961914062,19.263,30.581,-0.5381965104672872
58.54999923706055,36.650001525878906,2022-01-31,0,131.30630493164062,16.894,27.794,0.0
58.54999923706055,36.650001525878906,2022-02-01,0,132.35366821289062,16.894,27.794,-0.3452632575078838
58.54999923706055,36.650001525878906,2022-02-02,0,133.37310791015625,16.894,27.794,-0.3356544200652233
58.54999923706055,36.54999923706055,2022-01-31,0,136.37832641601562,19.258,30.41,0.0
58.54999923706055,36.54999923706055,2022-02-01,0,137.41104125976562,19.258,30.41,-0.5039604876612662
58.54999923706055,36.54999923706055,2022-02-02,0,138.39981079101562,19.258,30.41,-0.49470013217570313
58.54999923706055,36.45000076293945,2022-01-31,0,132.57339477539062,16.273,26.504,0.0
58.54999923706055,36.45000076293945,2022-02-01,0,133.55072021484375,16.273,26.504,-0.29475716180832134
58.54999923706055,36.45000076293945,2022-02-02,0,134.454345703125,16.273,26.504,-0.28520457223298046
58.54999923706055,36.349998474121094,2022-01-31,0,148.78143310546875,13.226,22.193,0.0
58.54999923706055,36.349998474121094,2022-02-01,0,149.60678100585938,13.226,22.193,0.18424705147171555
58.54999923706055,36.349998474121094,2022-02-02,0,150.36209106445312,13.226,22.193,0.1934513327295568
58.54999923706055,36.25,2022-01-31,0,220.23193359375,19.272,30.924,0.0
58.54999923706055,36.25,2022-02-01,0,220.279541015625,19.272,30.924,0.2361134019374358
58.54999923706055,36.25,2022-02-02,0,220.32485961914062,19.272,30.924,0.23652197919348628
58.54999923706055,36.150001525878906,2022-01-31,0,202.49862670898438,11.935,19.612,0.0
58.54999923706055,36.150001525878906,2022-02-01,0,202.65655517578125,11.935,19.612,1.083087491324533
58.54999923706055,36.150001525878906,2022-02-02,0,202.811279296875,11.935,19.612,1.085144655148903
58.54999923706055,36.04999923706055,2022-01-31,0,113.18115234375,18.674,29.896,0.0
58.54999923706055,36.04999923706055,2022-02-01,0,113.18115234375,18.674,29.896,-0.6554878600628229
58.54999923706055,36.04999923706055,2022-02-02,0,113.17520141601562,18.674,29.896,-0.6554878600628229
58.54999923706055,35.95000076293945,2022-01-31,0,126.10382080078125,15.693,26.171,0.0
58.54999923706055,35.95000076293945,2022-02-01,0,126.11892700195312,15.693,26.171,-0.29419907615211616
58.54999923706055,35.95000076293945,2022-02-02,0,126.12579345703125,15.693,26.171,-0.29405490549767943
58.54999923706055,35.849998474121094,2022-01-31,0,140.04318237304688,13.904,24.194,0.0
58.54999923706055,35.849998474121094,2022-02-01,0,140.09536743164062,13.904,24.194,0.009749099835246676
58.54999923706055,35.849998474121094,2022-02-02,0,140.14434814453125,13.904,24.194,0.01025624326181373
58.65000534057617,37.04999923706055,2022-01-31,0,122.73056030273438,16.291,26.89,0.0
58.65000534057617,37.04999923706055,2022-02-01,0,123.25103759765625,16.291,26.89,-0.379087080830886
58.65000534057617,37.04999923706055,2022-02-02,0,123.7701416015625,16.291,26.89,-0.3741764544046017
58.65000534057617,36.95000076293945,2022-01-31,0,116.36810302734375,11.29,18.413,0.0
58.65000534057617,36.95000076293945,2022-02-01,0,116.824951171875,11.29,18.413,0.048688797239137396
58.65000534057617,36.95000076293945,2022-02-02,0,117.29049682617188,11.29,18.413,0.05510250136003098
58.65000534057617,36.849998474121094,2022-01-31,0,117.7935791015625,18.685,30.249,0.0
58.65000534057617,36.849998474121094,2022-02-01,0,118.39462280273438,18.685,30.249,-0.597167250937716
58.65000534057617,36.849998474121094,2022-02-02,0,118.98971557617188,18.685,30.249,-0.5919697094194536
58.65000534057617,36.75,2022-01-31,0,126.57028198242188,17.471,27.952,0.0
58.65000534057617,36.75,2022-02-01,0,127.49130249023438,17.471,27.952,-0.459304627588762
58.65000534057617,36.75,2022-02-02,0,128.38531494140625,17.471,27.952,-0.45051710246890225
58.65000534057617,36.650001525878906,2022-01-31,0,132.83615112304688,15.136,26.258,0.0
58.65000534057617,36.650001525878906,2022-02-01,0,133.9013671875,15.136,26.258,-0.16655141950146657
58.65000534057617,36.650001525878906,2022-02-02,0,134.94461059570312,15.136,26.258,-0.15697386092878965
58.65000534057617,36.54999923706055,2022-01-31,0,143.800048828125,15.095,25.446,0.0
58.65000534057617,36.54999923706055,2022-02-01,0,144.80758666992188,15.095,25.446,-0.06907497992343722
58.65000534057617,36.54999923706055,2022-02-02,0,145.777587890625,15.095,25.446,-0.05934125524179415
58.65000534057617,36.45000076293945,2022-01-31,0,147.25936889648438,13.206,21.785,0.0
58.65000534057617,36.45000076293945,2022-02-01,0,148.49533081054688,13.206,21.785,0.17716947075981346
58.65000534057617,36.45000076293945,2022-02-02,0,149.64202880859375,13.206,21.785,0.19157630039103504
58.65000534057617,36.349998474121094,2022-01-31,0,199.74884033203125,13.226,22.193,0.0
58.65000534057617,36.349998474121094,2022-02-01,0,200.78933715820312,13.226,22.193,0.7526356678045193
58.65000534057617,36.349998474121094,2022-02-02,0,201.71585083007812,13.226,22.193,0.7642392902665676
58.65000534057617,36.25,2022-01-31,0,233.57711791992188,16.926,28.558,0.0
58.65000534057617,36.25,2022-02-01,0,233.67233276367188,16.926,28.558,0.5529325818425197
58.65000534057617,36.25,2022-02-02,0,233.7652587890625,16.926,28.558,0.5537511413658175
58.65000534057617,36.150001525878906,2022-01-31,0,204.33151245117188,13.821,22.74,0.0
58.65000534057617,36.150001525878906,2022-02-01,0,204.59564208984375,13.821,22.74,0.7413556727342964
58.65000534057617,36.150001525878906,2022-02-02,0,204.85107421875,13.821,22.74,0.7443170993367392
58.65000534057617,36.04999923706055,2022-01-31,0,188.162841796875,16.299,27.084,0.0
58.65000534057617,36.04999923706055,2022-02-01,0,188.162841796875,16.299,27.084,0.23340604355006953
58.65000534057617,36.04999923706055,2022-02-02,0,188.162841796875,16.299,27.084,0.23340604355006953
58.65000534057617,35.95000076293945,2022-01-31,0,121.2542724609375,16.308,27.279,0.0
58.65000534057617,35.95000076293945,2022-02-01,0,121.28448486328125,16.308,27.279,-0.381238971279396
58.65000534057617,35.95000076293945,2022-02-02,0,121.31149291992188,16.308,27.279,-0.3809635870633377
58.65000534057617,35.849998474121094,2022-01-31,0,140.430908203125,13.226,22.193,0.0
58.65000534057617,35.849998474121094,2022-02-01,0,140.49911499023438,13.226,22.193,0.09112198286076706
58.65000534057617,35.849998474121094,2022-02-02,0,140.570068359375,13.226,22.193,0.09188262507231355
58.749996185302734,37.04999923706055,2022-01-31,0,123.6767578125,13.904,24.194,0.0
58.749996185302734,37.04999923706055,2022-02-01,0,124.18304443359375,13.904,24.194,-0.14930264516520886
58.749996185302734,37.04999923706055,2022-02-02,0,124.691162109375,13.904,24.194,-0.14438246420219866
58.749996185302734,36.95000076293945,2022-01-31,0,117.21542358398438,11.935,19.612,0.0
58.749996185302734,36.95000076293945,2022-02-01,0,117.7020263671875,11.935,19.612,-0.027804825009973094
58.749996185302734,36.95000076293945,2022-02-02,0,118.18817138671875,11.935,19.612,-0.02146637531343636
58.749996185302734,36.849998474121094,2022-01-31,0,128.5821533203125,16.902,27.984,0.0
58.749996185302734,36.849998474121094,2022-02-01,0,129.09988403320312,16.902,27.984,-0.3648966493384543
58.749996185302734,36.849998474121094,2022-02-02,0,129.61349487304688,16.902,27.984,-0.360224832763011
58.749996185302734,36.75,2022-01-31,0,123.58840942382812,17.478,28.136,0.0
58.749996185302734,36.75,2022-02-01,0,124.51171875,17.478,28.136,-0.48031141467603594
58.749996185302734,36.75,2022-02-02,0,125.39840698242188,17.478,28.136,-0.47164835100394104
58.749996185302734,36.650001525878906,2022-01-31,0,136.04873657226562,12.563,20.593,0.0
58.749996185302734,36.650001525878906,2022-02-01,0,137.13958740234375,12.563,20.593,0.1297476534528718
58.749996185302734,36.650001525878906,2022-02-02,0,138.18603515625,12.563,20.593,0.1433323462309306
58.749996185302734,36.54999923706055,2022-01-31,0,144.48532104492188,16.326,27.669,0.0
58.749996185302734,36.54999923706055,2022-02-01,0,145.1458740234375,16.326,27.669,-0.1655177550478546
58.749996185302734,36.54999923706055,2022-02-02,0,145.79132080078125,16.326,27.669,-0.15969431346700627
58.749996185302734,36.45000076293945,2022-01-31,0,148.65966796875,15.048,24.453,0.0
58.749996185302734,36.45000076293945,2022-02-01,0,149.44564819335938,15.048,24.453,-0.01935493919457724
58.749996185302734,36.45000076293945,2022-02-02,0,150.1849365234375,15.048,24.453,-0.010997892680920943
58.749996185302734,36.349998474121094,2022-01-31,0,140.85525512695312,17.478,28.136,0.0
58.749996185302734,36.349998474121094,2022-02-01,0,142.03262329101562,17.478,28.136,-0.31830310445718624
58.749996185302734,36.349998474121094,2022-02-02,0,143.1024169921875,17.478,28.136,-0.3072563023924227
58.749996185302734,36.25,2022-01-31,0,219.22256469726562,16.926,28.558,0.0
58.749996185302734,36.25,2022-02-01,0,220.01449584960938,16.926,28.558,0.42952686294072934
58.749996185302734,36.25,2022-02-02,0,220.72311401367188,16.926,28.558,0.43633507436046587
58.749996185302734,36.150001525878906,2022-01-31,0,203.97216796875,14.494,24.717,0.0
58.749996185302734,36.150001525878906,2022-02-01,0,204.17221069335938,14.494,24.717,0.5774446636872739
58.749996185302734,36.150001525878906,2022-02-02,0,204.3658447265625,14.494,24.717,0.5794014544982822
58.749996185302734,36.04999923706055,2022-01-31,0,205.97854614257812,19.263,30.581,0.0
58.749996185302734,36.04999923706055,2022-02-01,0,205.9716796875,19.263,30.581,0.11794085653453004
58.749996185302734,36.04999923706055,2022-02-02,0,205.96481323242188,19.263,30.581,0.11788018808535064
58.749996185302734,35.95000076293945,2022-01-31,0,113.42788696289062,13.88,23.776,0.0
58.749996185302734,35.95000076293945,2022-02-01,0,113.47732543945312,13.88,23.776,-0.25638756100555166
58.749996185302734,35.95000076293945,2022-02-02,0,113.5235595703125,13.88,23.776,-0.2558879806037479
58.749996185302734,35.849998474121094,2022-01-31,0,134.64797973632812,13.226,22.193,0.0
58.749996185302734,35.849998474121094,2022-02-01,0,134.74227905273438,13.226,22.193,0.026630754280451724
58.749996185302734,35.849998474121094,2022-02-02,0,134.82925415039062,13.226,22.193,0.027682380425274405
58.85000228881836,37.04999923706055,2022-01-31,0,124.77584838867188,14.444,23.706,0.0
58.85000228881836,37.04999923706055,2022-02-01,0,125.28076171875,14.444,23.706,-0.2123099936442254
58.85000228881836,37.04999923706055,2022-02-02,0,125.78659057617188,14.444,23.706,-0.20685854330868098
58.85000228881836,36.95000076293945,2022-01-31,0,126.6302490234375,13.162,21.154,0.0
58.85000228881836,36.95000076293945,2022-02-01,0,127.06558227539062,13.162,21.154,-0.06243432152855988
58.85000228881836,36.95000076293945,2022-02-02,0,127.5018310546875,13.162,21.154,-0.056987208766383635
58.85000228881836,36.849998474121094,2022-01-31,0,158.9337158203125,16.317,27.474,0.0
58.85000228881836,36.849998474121094,2022-02-01,0,159.13650512695312,16.317,27.474,-0.03796974258033088
58.85000228881836,36.849998474121094,2022-02-02,0,159.34158325195312,16.317,27.474,-0.03615214549652139
58.85000228881836,36.75,2022-01-31,0,120.54611206054688,13.2,21.775,0.0
58.85000228881836,36.75,2022-02-01,0,121.3494873046875,13.2,21.775,-0.13357303719478864
58.85000228881836,36.75,2022-02-02,0,122.120361328125,13.2,21.775,-0.1242042296829446
58.85000228881836,36.650001525878906,2022-01-31,0,127.2216796875,12.563,20.593,0.0
58.85000228881836,36.650001525878906,2022-02-01,0,128.18893432617188,12.563,20.593,0.019821664850560104
58.85000228881836,36.650001525878906,2022-02-02,0,129.1058349609375,12.563,20.593,0.03186717716278769
58.85000228881836,36.54999923706055,2022-01-31,0,151.695556640625,15.703,26.369,0.0
58.85000228881836,36.54999923706055,2022-02-01,0,153.123779296875,15.703,26.369,-0.05001353233991188
58.85000228881836,36.54999923706055,2022-02-02,0,154.50302124023438,15.703,26.369,-0.03662310803604914
58.85000228881836,36.45000076293945,2022-01-31,0,146.11587524414062,15.642,25.002,0.0
58.85000228881836,36.45000076293945,2022-02-01,0,146.82540893554688,15.642,25.002,-0.11008680294721579
58.85000228881836,36.45000076293945,2022-02-02,0,147.54592895507812,15.642,25.002,-0.1025063147911661
58.85000228881836,36.349998474121094,2022-01-31,0,142.88314819335938,16.278,26.512,0.0
58.85000228881836,36.349998474121094,2022-02-01,0,144.1314697265625,16.278,26.512,-0.1944191108720011
58.85000228881836,36.349998474121094,2022-02-02,0,145.38528442382812,16.278,26.512,-0.18222132375842748
58.85000228881836,36.25,2022-01-31,0,191.619873046875,17.473,28.129,0.0
58.85000228881836,36.25,2022-02-01,0,192.48001098632812,17.473,28.129,0.1585010608753285
58.85000228881836,36.25,2022-02-02,0,193.26278686523438,17.473,28.129,0.16657292592274897
58.85000228881836,36.150001525878906,2022-01-31,0,208.33511352539062,15.095,25.446,0.0
58.85000228881836,36.150001525878906,2022-02-01,0,208.59146118164062,15.095,25.446,0.5543919768659127
58.85000228881836,36.150001525878906,2022-02-02,0,208.8372802734375,15.095,25.446,0.5568685265350268
58.85000228881836,36.04999923706055,2022-01-31,0,206.77734375,18.674,29.896,0.0
58.85000228881836,36.04999923706055,2022-02-01,0,206.78009033203125,18.674,29.896,0.17855412359650705
58.85000228881836,36.04999923706055,2022-02-02,0,206.78466796875,18.674,29.896,0.17857859857450784
58.85000228881836,35.95000076293945,2022-01-31,0,122.698974609375,16.894,27.794,0.0
58.85000228881836,35.95000076293945,2022-02-01,0,122.73971557617188,16.894,27.794,-0.42422959073967853
58.85000228881836,35.95000076293945,2022-02-02,0,122.77908325195312,16.894,27.794,-0.4238558204020925
58.85000228881836,35.849998474121094,2022-01-31,0,134.90386962890625,14.472,24.307,0.0
58.85000228881836,35.849998474121094,2022-02-01,0,135.0,14.472,24.307,-0.09980813798773512
58.85000228881836,35.849998474121094,2022-02-02,0,135.09475708007812,14.472,24.307,-0.09883070665988815
58.950008392333984,37.04999923706055,2022-01-31,0,121.64657592773438,12.603,21.225,0.0
58.950008392333984,37.04999923706055,2022-02-01,0,122.12448120117188,12.603,21.225,-0.050839991559564195
58.950008392333984,37.04999923706055,2022-02-02,0,122.60604858398438,12.603,21.225,-0.04529713290220511
58.950008392333984,36.95000076293945,2022-01-31,0,126.56478881835938,10.639,17.207,0.0
58.950008392333984,36.95000076293945,2022-02-01,0,127.02072143554688,10.639,17.207,0.3071679174537055
58.950008392333984,36.95000076293945,2022-02-02,0,127.47528076171875,10.639,17.207,0.3141096442683751
58.950008392333984,36.849998474121094,2022-01-31,0,152.16384887695312,16.91,28.175,0.0
58.950008392333984,36.849998474121094,2022-02-01,0,152.54241943359375,16.91,28.175,-0.15034310806078002
58.950008392333984,36.849998474121094,2022-02-02,0,152.91412353515625,16.91,28.175,-0.14698251723396577
58.950008392333984,36.75,2022-01-31,0,106.80679321289062,16.886,27.605,0.0
58.950008392333984,36.75,2022-02-01,0,107.38861083984375,16.886,27.605,-0.5789085435871756
58.950008392333984,36.75,2022-02-02,0,107.94570922851562,16.886,27.605,-0.5734806340158244
58.950008392333984,36.650001525878906,2022-01-31,0,132.20306396484375,19.248,30.069,0.0
58.950008392333984,36.650001525878906,2022-02-01,0,132.9180908203125,19.248,30.069,-0.5570366512813629
58.950008392333984,36.650001525878906,2022-02-02,0,133.58596801757812,19.248,30.069,-0.5504288806920574
58.950008392333984,36.54999923706055,2022-01-31,0,138.29269409179688,18.663,29.545,0.0
58.950008392333984,36.54999923706055,2022-02-01,0,139.58587646484375,18.663,29.545,-0.44419505521230584
58.950008392333984,36.54999923706055,2022-02-02,0,140.7806396484375,18.663,29.545,-0.43231137231351086
58.950008392333984,36.45000076293945,2022-01-31,0,147.7276611328125,15.703,26.369,0.0
58.950008392333984,36.45000076293945,2022-02-01,0,148.71551513671875,15.703,26.369,-0.08721487780974593
58.950008392333984,36.45000076293945,2022-02-02,0,149.6575927734375,15.703,26.369,-0.07795316766624087
58.950008392333984,36.349998474121094,2022-01-31,0,139.38720703125,17.492,28.506,0.0
58.950008392333984,36.349998474121094,2022-02-01,0,139.85275268554688,17.492,28.506,-0.32261478998320336
58.950008392333984,36.349998474121094,2022-02-02,0,140.31967163085938,17.492,28.506,-0.3183879363941633
58.950008392333984,36.25,2022-01-31,0,179.55368041992188,15.053,24.643,0.0
58.950008392333984,36.25,2022-02-01,0,180.07598876953125,15.053,24.643,0.3026452598531999
58.950008392333984,36.25,2022-02-02,0,180.57540893554688,15.053,24.643,0.3080916451463112
58.950008392333984,36.150001525878906,2022-01-31,0,221.88079833984375,15.095,25.446,0.0
58.950008392333984,36.150001525878906,2022-02-01,0,221.93756103515625,15.095,25.446,0.6852555148279755
58.950008392333984,36.150001525878906,2022-02-02,0,221.99478149414062,15.095,25.446,0.6858038936832793
58.950008392333984,36.04999923706055,2022-01-31,0,204.67254638671875,19.85,31.259,0.0
58.950008392333984,36.04999923706055,2022-02-01,0,204.67529296875,19.85,31.259,0.054102431297385845
58.950008392333984,36.04999923706055,2022-02-02,0,204.67529296875,19.85,31.259,0.054126505116574644
58.950008392333984,35.95000076293945,2022-01-31,0,121.2396240234375,12.684,22.508,0.0
58.950008392333984,35.95000076293945,2022-02-01,0,121.292724609375,12.684,22.508,-0.05700708445197957
58.950008392333984,35.95000076293945,2022-02-02,0,121.34490966796875,12.684,22.508,-0.05646656545831609
58.950008392333984,35.849998474121094,2022-01-31,0,136.90200805664062,18.067,28.836,0.0
58.950008392333984,35.849998474121094,2022-02-01,0,137.00592041015625,18.067,28.836,-0.4064257771692762
58.950008392333984,35.849998474121094,2022-02-02,0,137.10891723632812,18.067,28.836,-0.4054608560668932
59.04999923706055,37.04999923706055,2022-01-31,0,120.47103881835938,13.821,22.74,0.0
59.04999923706055,37.04999923706055,2022-02-01,0,120.9246826171875,13.821,22.74,-0.1988895748586236
59.04999923706055,37.04999923706055,2022-02-02,0,121.37374877929688,13.821,22.74,-0.19380331183779026
59.04999923706055,36.95000076293945,2022-01-31,0,131.802978515625,10.639,17.207,0.0
59.04999923706055,36.95000076293945,2022-02-01,0,132.34130859375,10.639,17.207,0.3869211101648143
59.04999923706055,36.95000076293945,2022-02-02,0,132.872314453125,10.639,17.207,0.39511736592189406
59.04999923706055,36.849998474121094,2022-01-31,0,151.28631591796875,18.09,29.385,0.0
59.04999923706055,36.849998474121094,2022-02-01,0,151.57241821289062,18.09,29.385,-0.2621840113504316
59.04999923706055,36.849998474121094,2022-02-02,0,151.85760498046875,18.09,29.385,-0.25965101183806444
59.04999923706055,36.75,2022-01-31,0,147.22412109375,16.91,28.175,0.0
59.04999923706055,36.75,2022-02-01,0,147.454833984375,16.91,28.175,-0.19419333250110957
59.04999923706055,36.75,2022-02-02,0,147.6763916015625,16.91,28.175,-0.19214528198513087
59.04999923706055,36.650001525878906,2022-01-31,0,127.55264282226562,19.258,30.41,0.0
59.04999923706055,36.650001525878906,2022-02-01,0,127.97882080078125,19.258,30.41,-0.5831004051088093
59.04999923706055,36.650001525878906,2022-02-02,0,128.375244140625,19.258,30.41,-0.5792788665640135
59.04999923706055,36.54999923706055,2022-01-31,0,118.68667602539062,17.464,27.768,0.0
59.04999923706055,36.54999923706055,2022-02-01,0,119.56329345703125,17.464,27.768,-0.543025271492715
59.04999923706055,36.54999923706055,2022-02-02,0,120.37582397460938,17.464,27.768,-0.5345177265427865
59.04999923706055,36.45000076293945,2022-01-31,0,145.01632690429688,14.405,23.092,0.0
59.04999923706055,36.45000076293945,2022-02-01,0,146.45782470703125,14.405,23.092,0.011123827607884103
59.04999923706055,36.45000076293945,2022-02-02,0,147.77664184570312,14.405,23.092,0.02771756310615019
59.04999923706055,36.349998474121094,2022-01-31,0,148.47381591796875,17.492,28.506,0.0
59.04999923706055,36.349998474121094,2022-02-01,0,149.71572875976562,17.492,28.506,-0.24011425532986444
59.04999923706055,36.349998474121094,2022-02-02,0,150.8697509765625,17.492,28.506,-0.22883848956087158
59.04999923706055,36.25,2022-01-31,0,160.73776245117188,15.074,25.044,0.0
59.04999923706055,36.25,2022-02-01,0,161.2060546875,15.074,25.044,0.1002784598913931
59.04999923706055,36.25,2022-02-02,0,161.6693115234375,15.074,25.044,0.10497547329488482
59.04999923706055,36.150001525878906,2022-01-31,0,164.84115600585938,19.858,31.753,0.0
59.04999923706055,36.150001525878906,2022-02-01,0,164.970703125,19.858,31.753,-0.28363887342699157
59.04999923706055,36.150001525878906,2022-02-02,0,165.1007080078125,19.858,31.753,-0.28254978457335034
59.04999923706055,36.04999923706055,2022-01-31,0,202.04498291015625,16.308,27.279,0.0
59.04999923706055,36.04999923706055,2022-02-01,0,202.11502075195312,16.308,27.279,0.3551634573890826
59.04999923706055,36.04999923706055,2022-02-02,0,202.18002319335938,16.308,27.279,0.3558018480717631
59.04999923706055,35.95000076293945,2022-01-31,0,137.1844482421875,15.095,25.446,0.0
59.04999923706055,35.95000076293945,2022-02-01,0,137.24807739257812,15.095,25.446,-0.13298765102707455
59.04999923706055,35.95000076293945,2022-02-02,0,137.30758666992188,15.095,25.446,-0.13237293601991945
59.04999923706055,35.849998474121094,2022-01-31,0,143.726806640625,13.88,23.776,0.0
59.04999923706055,35.849998474121094,2022-02-01,0,143.8348388671875,13.88,23.776,0.049785839133235546
59.04999923706055,35.849998474121094,2022-02-02,0,143.93692016601562,13.88,23.776,0.050877514826065985
59.15000534057617,37.04999923706055,2022-01-31,0,124.573974609375,11.305,18.625,0.0
59.15000534057617,37.04999923706055,2022-02-01,0,124.96444702148438,11.305,18.625,0.1574313471226093
59.15000534057617,37.04999923706055,2022-02-02,0,125.3411865234375,11.305,18.625,0.16276566969240952
59.15000534057617,36.95000076293945,2022-01-31,0,146.30355834960938,18.131,30.658,0.0
59.15000534057617,36.95000076293945,2022-02-01,0,146.84829711914062,18.131,30.658,-0.27944792568364824
59.15000534057617,36.95000076293945,2022-02-02,0,147.39578247070312,18.131,30.658,-0.27509940832489316
59.15000534057617,36.849998474121094,2022-01-31,0,163.69537353515625,16.875,27.235,0.0
59.15000534057617,36.849998474121094,2022-02-01,0,163.98101806640625,16.875,27.235,-0.048789830741735055
59.15000534057617,36.849998474121094,2022-02-02,0,164.26666259765625,16.875,27.235,-0.046032644146657836
59.15000534057617,36.75,2022-01-31,0,162.381591796875,16.299,27.084,0.0
59.15000534057617,36.75,2022-02-01,0,162.46719360351562,16.299,27.084,-0.005641244349791463
59.15000534057617,36.75,2022-02-02,0,162.54959106445312,16.299,27.084,-0.0048475326516864556
59.15000534057617,36.650001525878906,2022-01-31,0,137.02423095703125,15.095,25.446,0.0
59.15000534057617,36.650001525878906,2022-02-01,0,137.0965576171875,15.095,25.446,-0.13453549457027086
59.15000534057617,36.650001525878906,2022-02-02,0,137.16751098632812,15.095,25.446,-0.1338367537707708
59.15000534057617,36.54999923706055,2022-01-31,0,120.41656494140625,12.59,21.013,0.0
59.15000534057617,36.54999923706055,2022-02-01,0,120.802001953125,12.59,21.013,-0.06510073677542152
59.15000534057617,36.54999923706055,2022-02-02,0,121.1590576171875,12.59,21.013,-0.06052473046272117
59.15000534057617,36.45000076293945,2022-01-31,0,130.79818725585938,14.405,23.092,0.0
59.15000534057617,36.45000076293945,2022-02-01,0,131.68716430664062,14.405,23.092,-0.15254763145091063
59.15000534057617,36.45000076293945,2022-02-02,0,132.49465942382812,14.405,23.092,-0.1423142131156827
59.15000534057617,36.349998474121094,2022-01-31,0,157.28485107421875,15.703,26.369,0.0
59.15000534057617,36.349998474121094,2022-02-01,0,158.17611694335938,15.703,26.369,0.0023893781569355793
59.15000534057617,36.349998474121094,2022-02-02,0,158.99917602539062,15.703,26.369,0.01074551793886531
59.15000534057617,36.25,2022-01-31,0,147.33489990234375,15.679,25.784,0.0
59.15000534057617,36.25,2022-02-01,0,148.24722290039062,15.679,25.784,-0.09356853139689529
59.15000534057617,36.25,2022-02-02,0,149.10690307617188,15.679,25.784,-0.08454009994665408
59.15000534057617,36.150001525878906,2022-01-31,0,149.67681884765625,19.854,31.425,0.0
59.15000534057617,36.150001525878906,2022-02-01,0,149.9029541015625,19.854,31.425,-0.4222900453923059
59.15000534057617,36.150001525878906,2022-02-02,0,150.12313842773438,19.854,31.425,-0.42033571772912853
59.15000534057617,36.04999923706055,2022-01-31,0,191.151123046875,15.095,25.446,0.0
59.15000534057617,36.04999923706055,2022-02-01,0,191.3983154296875,15.095,25.446,0.38837912324292345
59.15000534057617,36.04999923706055,2022-02-02,0,191.63681030273438,15.095,25.446,0.39076722470956915
59.15000534057617,35.95000076293945,2022-01-31,0,124.2333984375,13.238,22.402,0.0
59.15000534057617,35.95000076293945,2022-02-01,0,124.54055786132812,13.238,22.402,-0.08889787824639889
59.15000534057617,35.95000076293945,2022-02-02,0,124.8321533203125,13.238,22.402,-0.08554607309768517
59.15000534057617,35.849998474121094,2022-01-31,0,147.51617431640625,15.655,25.383,0.0
59.15000534057617,35.849998474121094,2022-02-01,0,147.60406494140625,15.655,25.383,-0.09286416204352108
59.15000534057617,35.849998474121094,2022-02-02,0,147.68646240234375,15.655,25.383,-0.09196068111218884
59.249996185302734,37.04999923706055,2022-01-31,0,127.906494140625,11.907,19.19,0.0
59.249996185302734,37.04999923706055,2022-02-01,0,128.28323364257812,11.907,19.19,0.12133041522209262
59.249996185302734,37.04999923706055,2022-02-02,0,128.64990234375,11.907,19.19,0.12650327670710051
59.249996185302734,36.95000076293945,2022-01-31,0,155.13839721679688,17.502,28.871,0.0
59.249996185302734,36.95000076293945,2022-02-01,0,155.61355590820312,17.502,28.871,-0.1748755632263445
59.249996185302734,36.95000076293945,2022-02-02,0,156.08779907226562,17.502,28.871,-0.1706961394300014
59.249996185302734,36.849998474121094,2022-01-31,0,180.41793823242188,16.287,26.705,0.0
59.249996185302734,36.849998474121094,2022-02-01,0,180.58135986328125,16.287,26.705,0.16843864688444896
59.249996185302734,36.849998474121094,2022-02-02,0,180.75027465820312,16.287,26.705,0.17000729375389967
59.249996185302734,36.75,2022-01-31,0,163.59466552734375,10.655,17.421,0.0
59.249996185302734,36.75,2022-02-01,0,163.66653442382812,10.655,17.421,0.8431076785004987
59.249996185302734,36.75,2022-02-02,0,163.73794555664062,10.655,17.421,0.8441698850698806
59.249996185302734,36.650001525878906,2022-01-31,0,138.15536499023438,16.326,27.669,0.0
59.249996185302734,36.650001525878906,2022-02-01,0,138.17642211914062,16.326,27.669,-0.2213227101275293
59.249996185302734,36.650001525878906,2022-02-02,0,138.19381713867188,16.326,27.669,-0.22113707027117516
59.249996185302734,36.54999923706055,2022-01-31,0,123.841552734375,16.252,25.936,0.0
59.249996185302734,36.54999923706055,2022-02-01,0,123.93722534179688,16.252,25.936,-0.3994056925405311
59.249996185302734,36.54999923706055,2022-02-02,0,124.02557373046875,16.252,25.936,-0.39841774739986735
59.249996185302734,36.45000076293945,2022-01-31,0,126.63665771484375,16.883,27.423,0.0
59.249996185302734,36.45000076293945,2022-02-01,0,126.97860717773438,16.883,27.423,-0.40031634046637804
59.249996185302734,36.45000076293945,2022-02-02,0,127.29354858398438,16.883,27.423,-0.3970720381619129
59.249996185302734,36.349998474121094,2022-01-31,0,167.20413208007812,16.282,26.697,0.0
59.249996185302734,36.349998474121094,2022-02-01,0,167.43850708007812,16.282,26.697,0.04209440307324179
59.249996185302734,36.349998474121094,2022-02-02,0,167.6568603515625,16.282,26.697,0.04434476313085101
59.249996185302734,36.25,2022-01-31,0,139.10842895507812,14.478,24.316,0.0
59.249996185302734,36.25,2022-02-01,0,139.62387084960938,14.478,24.316,-0.05764963452858179
59.249996185302734,36.25,2022-02-02,0,140.09719848632812,14.478,24.316,-0.05241033899563556
59.249996185302734,36.150001525878906,2022-01-31,0,127.27706909179688,18.084,29.204,0.0
59.249996185302734,36.150001525878906,2022-02-01,0,127.7490234375,18.084,29.204,-0.48168103334715034
59.249996185302734,36.150001525878906,2022-02-02,0,128.19717407226562,18.084,29.204,-0.4774368395908273
59.249996185302734,36.04999923706055,2022-01-31,0,119.04373168945312,16.334,27.866,0.0
59.249996185302734,36.04999923706055,2022-02-01,0,119.40261840820312,16.334,27.866,-0.38411609703908106
59.249996185302734,36.04999923706055,2022-02-02,0,119.74594116210938,16.334,27.866,-0.3810040027037533
59.249996185302734,35.95000076293945,2022-01-31,0,178.06961059570312,13.238,22.402,0.0
59.249996185302734,35.95000076293945,2022-02-01,0,178.28521728515625,13.238,22.402,0.49857715621675164
59.249996185302734,35.95000076293945,2022-02-02,0,178.49166870117188,13.238,22.402,0.5009299136311245
59.249996185302734,35.849998474121094,2022-01-31,0,151.44515991210938,14.527,25.337,0.0
59.249996185302734,35.849998474121094,2022-02-01,0,151.52069091796875,14.527,25.337,0.057124513525526305
59.249996185302734,35.849998474121094,2022-02-02,0,151.5875244140625,14.527,25.337,0.057823227733291106
59.35000228881836,37.04999923706055,2022-01-31,0,126.09283447265625,12.563,20.593,0.0
59.35000228881836,37.04999923706055,2022-02-01,0,126.39541625976562,12.563,20.593,0.005763816595967948
59.35000228881836,37.04999923706055,2022-02-02,0,126.69113159179688,12.563,20.593,0.009531958403058547
59.35000228881836,36.95000076293945,2022-01-31,0,148.30673217773438,15.703,26.369,0.0
59.35000228881836,36.95000076293945,2022-02-01,0,148.824462890625,15.703,26.369,-0.08178574744295543
59.35000228881836,36.95000076293945,2022-02-02,0,149.326171875,15.703,26.369,-0.0769317186328052
59.35000228881836,36.849998474121094,2022-01-31,0,162.39761352539062,12.006,20.679,0.0
59.35000228881836,36.849998474121094,2022-02-01,0,162.85079956054688,12.006,20.679,0.4881541972257655
59.35000228881836,36.849998474121094,2022-02-02,0,163.297119140625,12.006,20.679,0.49337944840939574
59.35000228881836,36.75,2022-01-31,0,154.68017578125,10.655,17.421,0.0
59.35000228881836,36.75,2022-02-01,0,154.82986450195312,10.655,17.421,0.7113534700155187
59.35000228881836,36.75,2022-02-02,0,154.97406005859375,10.655,17.421,0.7135658365644859
59.35000228881836,36.650001525878906,2022-01-31,0,134.96292114257812,15.703,26.369,0.0
59.35000228881836,36.650001525878906,2022-02-01,0,134.97024536132812,15.703,26.369,-0.2068917950255192
59.35000228881836,36.650001525878906,2022-02-02,0,134.97344970703125,15.703,26.369,-0.20682312618293527
59.35000228881836,36.54999923706055,2022-01-31,0,121.67266845703125,18.09,29.385,0.0
59.35000228881836,36.54999923706055,2022-02-01,0,121.70745849609375,18.09,29.385,-0.5243676984769255
59.35000228881836,36.54999923706055,2022-02-02,0,121.73721313476562,18.09,29.385,-0.5240596857362217
59.35000228881836,36.45000076293945,2022-01-31,0,129.59152221679688,16.875,27.235,0.0
59.35000228881836,36.45000076293945,2022-02-01,0,129.68536376953125,16.875,27.235,-0.3779775847799531
59.35000228881836,36.45000076293945,2022-02-02,0,129.76547241210938,16.875,27.235,-0.377071778286378
59.35000228881836,36.349998474121094,2022-01-31,0,127.32696533203125,13.213,21.984,0.0
59.35000228881836,36.349998474121094,2022-02-01,0,127.66067504882812,13.213,21.984,-0.05476039981722432
59.35000228881836,36.349998474121094,2022-02-02,0,127.96463012695312,13.213,21.984,-0.05095570574816862
59.35000228881836,36.25,2022-01-31,0,127.84835815429688,15.079,25.052,0.0
59.35000228881836,36.25,2022-02-01,0,128.173828125,15.079,25.052,-0.23003751976038453
59.35000228881836,36.25,2022-02-02,0,128.47412109375,15.079,25.052,-0.22677400857314772
59.35000228881836,36.150001525878906,2022-01-31,0,119.86679077148438,18.097,29.567,0.0
59.35000228881836,36.150001525878906,2022-02-01,0,120.12908935546875,18.097,29.567,-0.5327219636313484
59.35000228881836,36.150001525878906,2022-02-02,0,120.37628173828125,18.097,29.567,-0.530435140754414
59.35000228881836,36.04999923706055,2022-01-31,0,118.0572509765625,17.502,28.871,0.0
59.35000228881836,36.04999923706055,2022-02-01,0,118.33282470703125,17.502,28.871,-0.501035702554644
59.35000228881836,36.04999923706055,2022-02-02,0,118.59512329101562,17.502,28.871,-0.4986117978095587
59.35000228881836,35.95000076293945,2022-01-31,0,187.25555419921875,18.659,29.538,0.0
59.35000228881836,35.95000076293945,2022-02-01,0,187.42767333984375,18.659,29.538,0.00611778839248805
59.35000228881836,35.95000076293945,2022-02-02,0,187.59017944335938,18.659,29.538,0.007699911203637971
59.35000228881836,35.849998474121094,2022-01-31,0,153.56185913085938,18.675,30.065,0.0
59.35000228881836,35.849998474121094,2022-02-01,0,153.61358642578125,18.675,30.065,-0.29137963888622137
59.35000228881836,35.849998474121094,2022-02-02,0,153.66668701171875,18.675,30.065,-0.2909254923109635
59.450008392333984,37.04999923706055,2022-01-31,0,125.53115844726562,10.034,16.642,0.0
59.450008392333984,37.04999923706055,2022-02-01,0,125.80307006835938,10.034,16.642,0.3812221314658841
59.450008392333984,37.04999923706055,2022-02-02,0,126.06582641601562,10.034,16.642,0.38533701677299287
59.450008392333984,36.95000076293945,2022-01-31,0,146.51046752929688,17.509,29.057,0.0
59.450008392333984,36.95000076293945,2022-02-01,0,146.98654174804688,17.509,29.057,-0.24748469406566617
59.450008392333984,36.95000076293945,2022-02-02,0,147.440185546875,17.509,29.057,-0.2433621254931861
59.450008392333984,36.849998474121094,2022-01-31,0,153.39797973632812,16.317,27.474,0.0
59.450008392333984,36.849998474121094,2022-02-01,0,153.9605712890625,16.317,27.474,-0.08758645033317103
59.450008392333984,36.849998474121094,2022-02-02,0,154.4970703125,16.317,27.474,-0.08254395187718487
59.450008392333984,36.75,2022-01-31,0,123.48403930664062,19.845,31.093,0.0
59.450008392333984,36.75,2022-02-01,0,123.86489868164062,19.845,31.093,-0.6664825808442332
59.450008392333984,36.75,2022-02-02,0,124.22332763671875,19.845,31.093,-0.6630965622186998
59.450008392333984,36.650001525878906,2022-01-31,0,117.51388549804688,18.663,29.545,0.0
59.450008392333984,36.650001525878906,2022-02-01,0,117.64984130859375,18.663,29.545,-0.6351416513688029
59.450008392333984,36.650001525878906,2022-02-02,0,117.77801513671875,18.663,29.545,-0.6338922871843985
59.450008392333984,36.54999923706055,2022-01-31,0,126.558837890625,16.317,27.474,0.0
59.450008392333984,36.54999923706055,2022-02-01,0,126.55929565429688,16.317,27.474,-0.32814521922895956
59.450008392333984,36.54999923706055,2022-02-02,0,126.55517578125,16.317,27.474,-0.3281411163010051
59.450008392333984,36.45000076293945,2022-01-31,0,122.20733642578125,18.668,29.72,0.0
59.450008392333984,36.45000076293945,2022-02-01,0,122.27005004882812,18.668,29.72,-0.5833574337153341
59.450008392333984,36.45000076293945,2022-02-02,0,122.3236083984375,18.668,29.72,-0.5827899923196873
59.450008392333984,36.349998474121094,2022-01-31,0,110.1544189453125,16.261,26.128,0.0
59.450008392333984,36.349998474121094,2022-02-01,0,110.3173828125,16.261,26.128,-0.5316264422285143
59.450008392333984,36.349998474121094,2022-02-02,0,110.46615600585938,16.261,26.128,-0.5299748372098916
59.450008392333984,36.25,2022-01-31,0,141.42196655273438,15.079,25.052,0.0
59.450008392333984,36.25,2022-02-01,0,141.50344848632812,15.079,25.052,-0.093933956154273
59.450008392333984,36.25,2022-02-02,0,141.58401489257812,15.079,25.052,-0.093116930850014
59.450008392333984,36.150001525878906,2022-01-31,0,141.40731811523438,16.902,27.984,0.0
59.450008392333984,36.150001525878906,2022-02-01,0,141.45950317382812,16.902,27.984,-0.2491669543833751
59.450008392333984,36.150001525878906,2022-02-02,0,141.51031494140625,16.902,27.984,-0.2486960550999087
59.450008392333984,36.04999923706055,2022-01-31,0,144.84329223632812,16.326,27.669,0.0
59.450008392333984,36.04999923706055,2022-02-01,0,144.9224853515625,16.326,27.669,-0.16236187748983424
59.450008392333984,36.04999923706055,2022-02-02,0,144.99893188476562,16.326,27.669,-0.16166371020398063
59.450008392333984,35.95000076293945,2022-01-31,0,175.21133422851562,17.488,28.499,0.0
59.450008392333984,35.95000076293945,2022-02-01,0,175.30746459960938,17.488,28.499,0.0030091202299121758
59.450008392333984,35.95000076293945,2022-02-02,0,175.400390625,17.488,28.499,0.003882159654975749
59.450008392333984,35.849998474121094,2022-01-31,0,154.91134643554688,19.258,30.41,0.0
59.450008392333984,35.849998474121094,2022-02-01,0,154.95254516601562,19.258,30.41,-0.33777487055643074
59.450008392333984,35.849998474121094,2022-02-02,0,154.9896240234375,19.258,30.41,-0.33740544148120877
59.54999923706055,37.04999923706055,2022-01-31,0,121.3201904296875,10.034,16.642,0.0
59.54999923706055,37.04999923706055,2022-02-01,0,121.57424926757812,10.034,16.642,0.31749682853643296
59.54999923706055,37.04999923706055,2022-02-02,0,121.820068359375,10.034,16.642,0.3213415446062064
59.54999923706055,36.95000076293945,2022-01-31,0,145.01220703125,17.485,28.321,0.0
59.54999923706055,36.95000076293945,2022-02-01,0,145.40313720703125,17.485,28.321,-0.275358000819029
59.54999923706055,36.95000076293945,2022-02-02,0,145.77438354492188,17.485,28.321,-0.27175030262983324
59.54999923706055,36.849998474121094,2022-01-31,0,149.6722412109375,15.741,27.167,0.0
59.54999923706055,36.849998474121094,2022-02-01,0,150.150146484375,15.741,27.167,-0.06772062654526952
59.54999923706055,36.849998474121094,2022-02-02,0,150.5987548828125,15.741,27.167,-0.06353801431493956
59.54999923706055,36.75,2022-01-31,0,123.5980224609375,19.263,30.581,0.0
59.54999923706055,36.75,2022-02-01,0,123.94729614257812,19.263,30.581,-0.6099308847770151
59.54999923706055,36.75,2022-02-02,0,124.27780151367188,19.263,30.581,-0.6068448829954227
59.54999923706055,36.650001525878906,2022-01-31,0,121.49551391601562,17.464,27.768,0.0
59.54999923706055,36.650001525878906,2022-02-01,0,121.61544799804688,17.464,27.768,-0.5157655869951897
59.54999923706055,36.650001525878906,2022-02-02,0,121.73080444335938,17.464,27.768,-0.5146016304537374
59.54999923706055,36.54999923706055,2022-01-31,0,138.5302734375,13.786,22.127,0.0
59.54999923706055,36.54999923706055,2022-02-01,0,138.519287109375,13.786,22.127,0.008035888232825977
59.54999923706055,36.54999923706055,2022-02-02,0,138.50784301757812,13.786,22.127,0.007904173472905104
59.54999923706055,36.45000076293945,2022-01-31,0,120.21240234375,15.689,25.981,0.0
59.54999923706055,36.45000076293945,2022-02-01,0,120.230712890625,15.689,25.981,-0.3563699733409444
59.54999923706055,36.45000076293945,2022-02-02,0,120.2435302734375,15.689,25.981,-0.35619206285828797
59.54999923706055,36.349998474121094,2022-01-31,0,108.16864013671875,15.033,24.245,0.0
59.54999923706055,36.349998474121094,2022-02-01,0,108.18832397460938,15.033,24.245,-0.45767867849849364
59.54999923706055,36.349998474121094,2022-02-02,0,108.20022583007812,15.033,24.245,-0.45746500244670657
59.54999923706055,36.25,2022-01-31,0,128.0767822265625,19.268,30.918,0.0
59.54999923706055,36.25,2022-02-01,0,128.10836791992188,19.268,30.918,-0.5545340581410945
59.54999923706055,36.25,2022-02-02,0,128.13858032226562,19.268,30.918,-0.5542629363096835
59.54999923706055,36.150001525878906,2022-01-31,0,142.66159057617188,17.509,29.057,0.0
59.54999923706055,36.150001525878906,2022-02-01,0,142.65426635742188,17.509,29.057,-0.28081407537087055
59.54999923706055,36.150001525878906,2022-02-02,0,142.65151977539062,17.509,29.057,-0.28087749950275487
59.54999923706055,36.04999923706055,2022-01-31,0,156.04110717773438,11.992,20.464,0.0
59.54999923706055,36.04999923706055,2022-02-01,0,156.04568481445312,11.992,20.464,0.4263586777352971
59.54999923706055,36.04999923706055,2022-02-02,0,156.04248046875,11.992,20.464,0.42641271027447025
59.54999923706055,35.95000076293945,2022-01-31,0,156.3958740234375,14.439,23.697,0.0
59.54999923706055,35.95000076293945,2022-02-01,0,156.41510009765625,14.439,23.697,0.12968107607947194
59.54999923706055,35.95000076293945,2022-02-02,0,156.42654418945312,14.439,23.697,0.12988874592413333
59.54999923706055,35.849998474121094,2022-01-31,0,154.705810546875,14.472,24.307,0.0
59.54999923706055,35.849998474121094,2022-02-01,0,154.7332763671875,14.472,24.307,0.10153340667895273
59.54999923706055,35.849998474121094,2022-02-02,0,154.75799560546875,14.472,24.307,0.1018126727726233
59.65000534057617,37.04999923706055,2022-01-31,0,109.10614013671875,18.109,29.931,0.0
59.65000534057617,37.04999923706055,2022-02-01,0,109.35516357421875,18.109,29.931,-0.6088974781194493
59.65000534057617,37.04999923706055,2022-02-02,0,109.58770751953125,18.109,29.931,-0.6067910372676476
59.65000534057617,36.95000076293945,2022-01-31,0,141.75384521484375,16.878,27.415,0.0
59.65000534057617,36.95000076293945,2022-02-01,0,142.13653564453125,16.878,27.415,-0.25648813500195744
59.65000534057617,36.95000076293945,2022-02-02,0,142.49588012695312,16.878,27.415,-0.25285626227074837
59.65000534057617,36.849998474121094,2022-01-31,0,142.03445434570312,15.084,25.245,0.0
59.65000534057617,36.849998474121094,2022-02-01,0,142.42446899414062,15.084,25.245,-0.08666022689003915
59.65000534057617,36.849998474121094,2022-02-02,0,142.79159545898438,15.084,25.245,-0.08282187782560159
59.65000534057617,36.75,2022-01-31,0,120.845947265625,15.095,25.446,0.0
59.65000534057617,36.75,2022-02-01,0,121.13616943359375,15.095,25.446,-0.2908323131521107
59.65000534057617,36.75,2022-02-02,0,121.4080810546875,15.095,25.446,-0.2880285051338637
59.65000534057617,36.650001525878906,2022-01-31,0,121.57241821289062,12.59,21.013,0.0
59.65000534057617,36.650001525878906,2022-02-01,0,121.67999267578125,12.59,21.013,-0.051378152524152676
59.65000534057617,36.650001525878906,2022-02-02,0,121.78298950195312,12.59,21.013,-0.05010100111858904
59.65000534057617,36.54999923706055,2022-01-31,0,138.95599365234375,13.786,22.127,0.0
59.65000534057617,36.54999923706055,2022-02-01,0,138.93997192382812,13.786,22.127,0.013139835179759798
59.65000534057617,36.54999923706055,2022-02-02,0,138.92669677734375,13.786,22.127,0.012947751154875193
59.65000534057617,36.45000076293945,2022-01-31,0,134.50927734375,16.91,28.175,0.0
59.65000534057617,36.45000076293945,2022-02-01,0,134.49234008789062,16.91,28.175,-0.30706367204837987
59.65000534057617,36.45000076293945,2022-02-02,0,134.47494506835938,16.91,28.175,-0.3072140249632434
59.65000534057617,36.349998474121094,2022-01-31,0,132.7880859375,15.642,25.002,0.0
59.65000534057617,36.349998474121094,2022-02-01,0,132.77297973632812,15.642,25.002,-0.2524777143429491
59.65000534057617,36.349998474121094,2022-02-02,0,132.75009155273438,15.642,25.002,-0.2526391053811101
59.65000534057617,36.25,2022-01-31,0,114.88815307617188,18.077,29.024,0.0
59.65000534057617,36.25,2022-02-01,0,114.91104125976562,18.077,29.024,-0.6018255862229664
59.65000534057617,36.25,2022-02-02,0,114.9298095703125,18.077,29.024,-0.6016165044325786
59.65000534057617,36.150001525878906,2022-01-31,0,115.65536499023438,16.326,27.669,0.0
59.65000534057617,36.150001525878906,2022-02-01,0,115.6640625,16.326,27.669,-0.41968293229097814
59.65000534057617,36.150001525878906,2022-02-02,0,115.6695556640625,16.326,27.669,-0.41960625495900583
59.65000534057617,36.04999923706055,2022-01-31,0,151.14532470703125,12.63,21.65,0.0
59.65000534057617,36.04999923706055,2022-02-01,0,151.13250732421875,12.63,21.65,0.27544705883626663
59.65000534057617,36.04999923706055,2022-02-02,0,151.12014770507812,12.63,21.65,0.2753049592485449
59.65000534057617,35.95000076293945,2022-01-31,0,152.40280151367188,15.674,25.776,0.0
59.65000534057617,35.95000076293945,2022-02-01,0,152.40325927734375,15.674,25.776,-0.042934057477015494
59.65000534057617,35.95000076293945,2022-02-02,0,152.40509033203125,15.674,25.776,-0.042929526060742726
59.65000534057617,35.849998474121094,2022-01-31,0,151.47216796875,13.301,23.461,0.0
59.65000534057617,35.849998474121094,2022-02-01,0,151.48269653320312,13.301,23.461,0.1817142516609253
59.65000534057617,35.849998474121094,2022-02-02,0,151.49139404296875,13.301,23.461,0.18181787926381038
59.749996185302734,37.04999923706055,2022-01-31,0,107.13775634765625,16.295,26.898,0.0
59.749996185302734,37.04999923706055,2022-02-01,0,107.31536865234375,16.295,26.898,-0.5263816245623292
59.749996185302734,37.04999923706055,2022-02-02,0,107.48611450195312,16.295,26.898,-0.524706510871039
59.749996185302734,36.95000076293945,2022-01-31,0,156.27410888671875,16.883,27.423,0.0
59.749996185302734,36.95000076293945,2022-02-01,0,156.44760131835938,16.883,27.423,-0.1191261016440345
59.749996185302734,36.95000076293945,2022-02-02,0,156.61514282226562,16.883,27.423,-0.11748006339317468
59.749996185302734,36.849998474121094,2022-01-31,0,132.08084106445312,10.017,16.427,0.0
59.749996185302734,36.849998474121094,2022-02-01,0,132.41134643554688,10.017,16.427,0.4978290337668193
59.749996185302734,36.849998474121094,2022-02-02,0,132.73178100585938,10.017,16.427,0.5029851237994831
59.749996185302734,36.75,2022-01-31,0,115.36834716796875,18.105,29.924,0.0
59.749996185302734,36.75,2022-02-01,0,115.6036376953125,18.105,29.924,-0.5557293580847048
59.749996185302734,36.75,2022-02-02,0,115.8306884765625,18.105,29.924,-0.5537385760613208
59.749996185302734,36.650001525878906,2022-01-31,0,121.93313598632812,16.252,25.936,0.0
59.749996185302734,36.650001525878906,2022-02-01,0,122.02789306640625,16.252,25.936,-0.41911259824113906
59.749996185302734,36.650001525878906,2022-02-02,0,122.11898803710938,16.252,25.936,-0.41813410712096016
59.749996185302734,36.54999923706055,2022-01-31,0,140.53024291992188,16.891,27.612,0.0
59.749996185302734,36.54999923706055,2022-02-01,0,140.518798828125,16.891,27.612,-0.26471184665682385
59.749996185302734,36.54999923706055,2022-02-02,0,140.50735473632812,16.891,27.612,-0.2648185912869598
59.749996185302734,36.45000076293945,2022-01-31,0,138.10226440429688,14.45,23.899,0.0
59.749996185302734,36.45000076293945,2022-02-01,0,138.08486938476562,14.45,23.899,-0.06770807064983728
59.749996185302734,36.45000076293945,2022-02-02,0,138.06610107421875,14.45,23.899,-0.06789216441141258
59.749996185302734,36.349998474121094,2022-01-31,0,135.24444580078125,13.833,22.946,0.0
59.749996185302734,36.349998474121094,2022-02-01,0,135.2215576171875,13.833,22.946,-0.033858819260603114
59.749996185302734,36.349998474121094,2022-02-02,0,135.19638061523438,13.833,22.946,-0.03410997896205982
59.749996185302734,36.25,2022-01-31,0,123.12698364257812,18.09,29.385,0.0
59.749996185302734,36.25,2022-02-01,0,123.11004638671875,18.09,29.385,-0.5114919553556606
59.749996185302734,36.25,2022-02-02,0,123.09036254882812,18.09,29.385,-0.5116419089267928
59.749996185302734,36.150001525878906,2022-01-31,0,111.05255126953125,16.313,27.287,0.0
59.749996185302734,36.150001525878906,2022-02-01,0,111.05484008789062,16.313,27.287,-0.47455302287651485
59.749996185302734,36.150001525878906,2022-02-02,0,111.05438232421875,16.313,27.287,-0.4745321661391413
59.749996185302734,36.04999923706055,2022-01-31,0,140.98617553710938,12.63,21.65,0.0
59.749996185302734,36.04999923706055,2022-02-01,0,140.96282958984375,12.63,21.65,0.1628179106109687
59.749996185302734,36.04999923706055,2022-02-02,0,140.93902587890625,12.63,21.65,0.16255908636190414
59.749996185302734,35.95000076293945,2022-01-31,0,141.7291259765625,18.68,30.072,0.0
59.749996185302734,35.95000076293945,2022-02-01,0,141.71722412109375,18.68,30.072,-0.3956361834922532
59.749996185302734,35.95000076293945,2022-02-02,0,141.69525146484375,18.68,30.072,-0.3957406590493876
59.749996185302734,35.849998474121094,2022-01-31,0,146.18453979492188,15.693,26.171,0.0
59.749996185302734,35.849998474121094,2022-02-01,0,146.18408203125,15.693,26.171,-0.10255258832867058
59.749996185302734,35.849998474121094,2022-02-02,0,146.17721557617188,15.693,26.171,-0.10255695713638079
59.85000228881836,37.04999923706055,2022-01-31,0,133.19366455078125,15.09,25.253,0.0
59.85000228881836,37.04999923706055,2022-02-01,0,133.23486328125,15.09,25.253,-0.17422351125867128
59.85000228881836,37.04999923706055,2022-02-02,0,133.27651977539062,15.09,25.253,-0.17381813164173976
59.85000228881836,36.95000076293945,2022-01-31,0,155.61721801757812,12.657,22.078,0.0
59.85000228881836,36.95000076293945,2022-02-01,0,155.70144653320312,12.657,22.078,0.3083241483661833
59.85000228881836,36.95000076293945,2022-02-02,0,155.78475952148438,12.657,22.078,0.3092181990574581
59.85000228881836,36.849998474121094,2022-01-31,0,146.30813598632812,10.017,16.427,0.0
59.85000228881836,36.849998474121094,2022-02-01,0,146.47979736328125,10.017,16.427,0.719783712735228
59.85000228881836,36.849998474121094,2022-02-02,0,146.64688110351562,10.017,16.427,0.7224617373366808
59.85000228881836,36.75,2022-01-31,0,132.35458374023438,18.084,29.204,0.0
59.85000228881836,36.75,2022-02-01,0,132.4676513671875,18.084,29.204,-0.4360199303935757
59.85000228881836,36.75,2022-02-02,0,132.57339477539062,18.084,29.204,-0.4350031351871627
59.85000228881836,36.650001525878906,2022-01-31,0,121.35589599609375,18.09,29.385,0.0
59.85000228881836,36.650001525878906,2022-02-01,0,121.43234252929688,18.09,29.385,-0.5271722355370185
59.85000228881836,36.650001525878906,2022-02-02,0,121.50604248046875,18.09,29.385,-0.526495418067314
59.85000228881836,36.54999923706055,2022-01-31,0,140.60348510742188,18.071,28.844,0.0
59.85000228881836,36.54999923706055,2022-02-01,0,140.58746337890625,18.071,28.844,-0.37228733772002337
59.85000228881836,36.54999923706055,2022-02-02,0,140.57464599609375,18.071,28.844,-0.3724360588609834
59.85000228881836,36.45000076293945,2022-01-31,0,139.05899047851562,14.45,23.899,0.0
59.85000228881836,36.45000076293945,2022-02-01,0,139.04617309570312,14.45,23.899,-0.05758291376319583
59.85000228881836,36.45000076293945,2022-02-02,0,139.02236938476562,14.45,23.899,-0.057718561798040795
59.85000228881836,36.349998474121094,2022-01-31,0,134.45709228515625,13.869,23.567,0.0
59.85000228881836,36.349998474121094,2022-02-01,0,134.4305419921875,13.869,23.567,-0.043647223291851396
59.85000228881836,36.349998474121094,2022-02-02,0,134.40536499023438,13.869,23.567,-0.04392099409994327
59.85000228881836,36.25,2022-01-31,0,131.40060424804688,17.492,28.506,0.0
59.85000228881836,36.25,2022-02-01,0,131.3763427734375,17.492,28.506,-0.3951279803155361
59.85000228881836,36.25,2022-02-02,0,131.3507080078125,17.492,28.506,-0.39534825882115965
59.85000228881836,36.150001525878906,2022-01-31,0,121.27944946289062,14.428,23.494,0.0
59.85000228881836,36.150001525878906,2022-02-01,0,121.25885009765625,14.428,23.494,-0.25370119718850004
59.85000228881836,36.150001525878906,2022-02-02,0,121.23550415039062,14.428,23.494,-0.25392841277679007
59.85000228881836,36.04999923706055,2022-01-31,0,132.16552734375,17.473,28.129,0.0
59.85000228881836,36.04999923706055,2022-02-01,0,132.139892578125,17.473,28.129,-0.3994413725248684
59.85000228881836,36.04999923706055,2022-02-02,0,132.11196899414062,17.473,28.129,-0.399681939019097
59.85000228881836,35.95000076293945,2022-01-31,0,135.60928344726562,18.077,29.024,0.0
59.85000228881836,35.95000076293945,2022-02-01,0,135.58456420898438,18.077,29.024,-0.4125396597491037
59.85000228881836,35.95000076293945,2022-02-02,0,135.56304931640625,18.077,29.024,-0.4127654680827225
59.85000228881836,35.849998474121094,2022-01-31,0,141.4178466796875,15.712,26.567,0.0
59.85000228881836,35.849998474121094,2022-02-01,0,141.405029296875,15.712,26.567,-0.14465364643309536
59.85000228881836,35.849998474121094,2022-02-02,0,141.39633178710938,15.712,26.567,-0.14477172457968682
59.950008392333984,37.04999923706055,2022-01-31,0,138.3197021484375,15.09,25.253,0.0
59.950008392333984,37.04999923706055,2022-02-01,0,138.30734252929688,15.09,25.253,-0.12378527847645882
59.950008392333984,37.04999923706055,2022-02-02,0,138.30001831054688,15.09,25.253,-0.12390689236153828
59.950008392333984,36.95000076293945,2022-01-31,0,153.05099487304688,15.741,27.167,0.0
59.950008392333984,36.95000076293945,2022-02-01,0,153.0670166015625,15.741,27.167,-0.0381498785835211
59.950008392333984,36.95000076293945,2022-02-02,0,153.07891845703125,15.741,27.167,-0.03800965690913265
59.950008392333984,36.849998474121094,2022-01-31,0,159.19601440429688,18.674,29.896,0.0
59.950008392333984,36.849998474121094,2022-02-01,0,159.22073364257812,18.674,29.896,-0.24544631612638662
59.950008392333984,36.849998474121094,2022-02-02,0,159.24636840820312,18.674,29.896,-0.2452260413243794
59.950008392333984,36.75,2022-01-31,0,149.55322265625,17.471,27.952,0.0
59.950008392333984,36.75,2022-02-01,0,149.556884765625,17.471,27.952,-0.24002268241341487
59.950008392333984,36.75,2022-02-02,0,149.549560546875,17.471,27.952,-0.23998774195568184
59.950008392333984,36.650001525878906,2022-01-31,0,148.44039916992188,16.317,27.474,0.0
59.950008392333984,36.650001525878906,2022-02-01,0,148.42941284179688,16.317,27.474,-0.13202116007957462
59.950008392333984,36.650001525878906,2022-02-02,0,148.42529296875,16.317,27.474,-0.1321196303504808
59.950008392333984,36.54999923706055,2022-01-31,0,140.90011596679688,17.478,28.136,0.0
59.950008392333984,36.54999923706055,2022-02-01,0,140.88226318359375,17.478,28.136,-0.3178821920923547
59.950008392333984,36.54999923706055,2022-02-02,0,140.86395263671875,17.478,28.136,-0.3180496980334611
59.950008392333984,36.45000076293945,2022-01-31,0,136.94503784179688,15.66,25.392,0.0
59.950008392333984,36.45000076293945,2022-02-01,0,136.92169189453125,15.66,25.392,-0.20196220877726181
59.950008392333984,36.45000076293945,2022-02-02,0,136.89651489257812,15.66,25.392,-0.20220209726129004
59.950008392333984,36.349998474121094,2022-01-31,0,133.9453125,13.869,23.567,0.0
59.950008392333984,36.349998474121094,2022-02-01,0,133.92059326171875,13.869,23.567,-0.048924391627139595
59.950008392333984,36.349998474121094,2022-02-02,0,133.8922119140625,13.869,23.567,-0.049179281689845825
59.950008392333984,36.25,2022-01-31,0,129.79660034179688,16.899,27.802,0.0
59.950008392333984,36.25,2022-02-01,0,129.7723388671875,16.899,27.802,-0.3594735362579395
59.950008392333984,36.25,2022-02-02,0,129.7467041015625,16.899,27.802,-0.3596960573494682
59.950008392333984,36.150001525878906,2022-01-31,0,127.3809814453125,11.964,20.036,0.0
59.950008392333984,36.150001525878906,2022-02-01,0,127.357177734375,11.964,20.036,0.09589917548702286
59.950008392333984,36.150001525878906,2022-02-02,0,127.33291625976562,11.964,20.036,0.09560428313150378
59.950008392333984,36.04999923706055,2022-01-31,0,124.3359375,16.308,27.279,0.0
59.950008392333984,36.04999923706055,2022-02-01,0,124.31442260742188,16.308,27.279,-0.353149781241455
59.950008392333984,36.04999923706055,2022-02-02,0,124.29153442382812,16.308,27.279,-0.35334588818319346
59.950008392333984,35.95000076293945,2022-01-31,0,132.55783081054688,13.904,24.194,0.0
59.950008392333984,35.95000076293945,2022-02-01,0,132.53585815429688,13.904,24.194,-0.06299484149128393
59.950008392333984,35.95000076293945,2022-02-02,0,132.513427734375,13.904,24.194,-0.06320837556562796
59.950008392333984,35.849998474121094,2022-01-31,0,138.71841430664062,13.869,23.567,0.0
59.950008392333984,35.849998474121094,2022-02-01,0,138.7042236328125,13.869,23.567,0.00029299140689448624
59.950008392333984,35.849998474121094,2022-02-02,0,138.68499755859375,13.869,23.567,0.00014666563015572568
60.04999923706055,37.04999923706055,2022-01-31,0,128.90487670898438,14.505,24.923,0.0
60.04999923706055,37.04999923706055,2022-02-01,0,128.88702392578125,14.505,24.923,-0.15497334700533347
60.04999923706055,37.04999923706055,2022-02-02,0,128.87191772460938,14.505,24.923,-0.1551447117893911
60.04999923706055,36.95000076293945,2022-01-31,0,137.48382568359375,15.136,26.258,0.0
60.04999923706055,36.95000076293945,2022-02-01,0,137.46963500976562,15.136,26.258,-0.12476330081285951
60.04999923706055,36.95000076293945,2022-02-02,0,137.45086669921875,15.136,26.258,-0.12489089183810789
60.04999923706055,36.849998474121094,2022-01-31,0,143.70346069335938,19.263,30.581,0.0
60.04999923706055,36.849998474121094,2022-02-01,0,143.6993408203125,19.263,30.581,-0.43228962101644003
60.04999923706055,36.849998474121094,2022-02-02,0,143.690185546875,19.263,30.581,-0.43232602208594767
60.04999923706055,36.75,2022-01-31,0,139.57626342773438,16.252,25.936,0.0
60.04999923706055,36.75,2022-02-01,0,139.56390380859375,16.252,25.936,-0.23692416947816655
60.04999923706055,36.75,2022-02-02,0,139.55154418945312,16.252,25.936,-0.2370517987547116
60.04999923706055,36.650001525878906,2022-01-31,0,142.85064697265625,13.786,22.127,0.0
60.04999923706055,36.650001525878906,2022-02-01,0,142.83737182617188,13.786,22.127,0.05983271757170921
60.04999923706055,36.650001525878906,2022-02-02,0,142.82684326171875,13.786,22.127,0.05967356223680482
60.04999923706055,36.54999923706055,2022-01-31,0,140.66162109375,14.461,24.103,0.0
60.04999923706055,36.54999923706055,2022-02-01,0,140.64102172851562,14.461,24.103,-0.040949791601846225
60.04999923706055,36.54999923706055,2022-02-02,0,140.62225341796875,14.461,24.103,-0.04116343363912454
60.04999923706055,36.45000076293945,2022-01-31,0,136.56875610351562,13.815,22.545,0.0
60.04999923706055,36.45000076293945,2022-02-01,0,136.54495239257812,13.815,22.545,-0.018112759409901265
60.04999923706055,36.45000076293945,2022-02-02,0,136.5216064453125,13.815,22.545,-0.01838542505637893
60.04999923706055,36.349998474121094,2022-01-31,0,134.176025390625,18.68,30.072,0.0
60.04999923706055,36.349998474121094,2022-02-01,0,134.15130615234375,18.68,30.072,-0.46193797936600234
60.04999923706055,36.349998474121094,2022-02-02,0,134.1229248046875,18.68,30.072,-0.46215496706158915
60.04999923706055,36.25,2022-01-31,0,130.41183471679688,16.926,28.558,0.0
60.04999923706055,36.25,2022-02-01,0,130.3875732421875,16.926,28.558,-0.33397666165064577
60.04999923706055,36.25,2022-02-02,0,130.3619384765625,16.926,28.558,-0.33418523691379376
60.04999923706055,36.150001525878906,2022-01-31,0,127.47344970703125,13.892,23.985,0.0
60.04999923706055,36.150001525878906,2022-02-01,0,127.45101928710938,13.892,23.985,-0.11341078265103276
60.04999923706055,36.150001525878906,2022-02-02,0,127.42584228515625,13.892,23.985,-0.11363302004251077
60.04999923706055,36.04999923706055,2022-01-31,0,124.27001953125,15.665,25.579,0.0
60.04999923706055,36.04999923706055,2022-02-01,0,124.24850463867188,15.665,25.579,-0.3266086389827513
60.04999923706055,36.04999923706055,2022-02-02,0,124.22561645507812,15.665,25.579,-0.3268256542397427
60.04999923706055,35.95000076293945,2022-01-31,0,131.79290771484375,15.095,25.446,0.0
60.04999923706055,35.95000076293945,2022-02-01,0,131.77047729492188,15.095,25.446,-0.18507479746069205
60.04999923706055,35.95000076293945,2022-02-02,0,131.7462158203125,15.095,25.446,-0.18529149555673954
60.04999923706055,35.849998474121094,2022-01-31,0,138.55819702148438,13.869,23.567,0.0
60.04999923706055,35.849998474121094,2022-02-01,0,138.54217529296875,13.869,23.567,-0.0013590738143495849
60.04999923706055,35.849998474121094,2022-02-02,0,138.52523803710938,13.869,23.567,-0.001524280336473992
